paper_id_new;paper_id;coder;data;data_standardized;sensor;brand;metric;metric_larger_category;metric_smaller_category;metric_IG_category;data_per_metric;data_metric_method;outcome;outcome_instrument;outcome_smaller_category;outcome_larger_category;analysis_and_results mm-oo:analysis:resultsig;line_break;;;;;;;;;;;;;;;;;;;;;;;;;;;;;;;;;;
1;1;bert;III) Audio;III) Audio;III) Microphone;III) NS;1) Speech Time;1) Verbal;1) Speech Features;1) Individual;1) III;1) Calculation;A) verbal participation;A) survey;A) communication;A) process;1-A: t-test: sig (t[38] = 2.18);#;;;;;;;;;;;;;;;;;;;;;;;;;;;;;;;;;;
2;3;bert;"I) Eye Gaze
III) Audio";"I) Eye Gaze
III) Audio";"I) Eye Tracker
III) Microphone";"I) Tobii 1750
III) NS";"1) Focused Gaze 
2) Together Gaze 
3) Dialogue Episode
4) Gaze Transitions";"1) Gaze
2) Gaze
3) Verbal
4) Gaze";"1) Visual Attention
2) Visual Attention
3) Speech Content
4) Eye Motion";"1) Individual
2) Group
3) Individual
4) Individual";"1) I
2) I
3) III
4) I";"1) Calculation (Entropy)
2) Calculation
3) Calculation
4) Calculation";"A) program understanding
B) dialogue episodes";"A) researcher codes
B) researcher codes";"A) performance
B) coordination";"A) product
B) process";"1,2-A: anova: sig
1,2-A,B: mixed linear model: sig
4-B: anova: sig";#;;;;;;;;;;;;;;;;;;;;;;;;;;;;;;;;;;
3;4;edwin;"VI) EDA
VII) ECG";"VI) Physiological
VII) Physiological";"VI) Varioport 16-Bit Digital Skin Conductance Amplifier
VII) Modified Lead II Configuration";"VI) Varioport-B Portable Recorder System
VII) NS";1) Physiological Linkage;1) Physiological;1) EDA;1) Individual;1) VI, VII;1) Correlation;"A) behavioral Involvement
B) empathy
c) negative Feelings
D) perceived comprehension";"A) Social presence in gaming Questionnaire
B) Social presence in gaming Questionnaire
c) Social presence in gaming Questionnaire
D) Social presence Inventory Questionnaire";"A) cognitive engagement
B) affective
c) affective
D) learning";"A) process
B) process
c) process
D) product";"1-A:regression: sig
1-B:regression: sig
1-C:regression: sig
1-D:regression: sig";#;;;;;;;;;;;;;;;;;;;;;;;;;;;;;;;;;;
4;5;iulian;"II) Video
III) Audio
XII) Other";"II) Video
III) Audio
XII) Body Language";"II) Kinect
III) Microphone
XII) Irma Matrix Tof Sensors";"II) Microsoft
III) Not Stated
XII) Infrared Intelligent Systems";"1) Non-Verbal Speaking Metrics
2) Visual Attention
3) Verbal Dominance And Information Metrics";"1) Verbal
2) Gaze
3) Verbal";"1) Speech Participation
2) Visual Attention
3) Speech Participation";"1) Individual
2) Group
3) Group";"1) XII
2) II
3) III";"1) Calculation
2) Calculation
3) Calculation";"A) perceived leadership
B) perceived contribution";"A) questionnaire
B) questionnaire";"A) interpersonal relationship
B) interpersonal relationship";"A) process
B) process";"3-A : correlation : sig
3-B : correlation : sig
1-A : correlation : nonsig
1-B : correlation : nonsig
2-A : correlation : nonsig
2-B : correlation : sig
1,2,3-A : regression: nonsig
1,2,3-B : regression: nonsig";#;;;;;;;;;;;;;;;;;;;;;;;;;;;;;;;;;;
5;6;bert;"VI) EDA
II) Video";"VI) Physiological
II) Video";"VI) EDA Sensor
II) Camera";"VI) Empatica
II) NS";"1) EDA Peak Detection 
2) Physiological Concordance Index";"1) Physiological
2) Physiological";"1) EDA
2) Combined";"1) Individual
2) Group";"1) VI
2) II";"1) Calculation
2) Calculation";A) monitoring of behavior, cognition, motivations and emotions ;A) Video coding of monitoring (behavior, cognition, motivations and emotions) ;A) cognitive engagement;A) process;1,2-A: correlation: sig (r=0.663);#;;;;;;;;;;;;;;;;;;;;;;;;;;;;;;;;;;
6;10;steph;"III) Audio
II) Video";"III) Audio
II) Video";"III) Microphone
II) Camera";"III) NS
IV) Logitech R Webcam Pro 9000";"1) Group Participation Speaking Cues
2) Silence And Overlap Cues
3) Speaking Distribution Cues
4) Individual Visual Focus Of Attention
5) Group Looking Cues";"1) Verbal
2) Verbal
3) Verbal
4) Gaze
5) Gaze";"1) Speech Participation
2) Speech Participation
3) Speech Participation
4) Visual Attention
5) Visual Attention ";"1) Individual
2) Group
3) Group
4) Individual
5) Group";"1) III
2) III
3) III
4) IV
5) IV";"1) Calculation
2) Calculation
3) Calculation
4) Maximum Aposteriori Rule
5) Calculation";"A) group composition
B) group interpersonal perception
c) group performance";"A) NEO-FFI questionnaire
B) Questionnaire
c) Negative distance between expert list and group list";"A) group composition
B) interpersonal relationship
c) performance";"A) condition
B) process
c) product";"1-A:correlation: sig
2-A:correlation: sig
3-A:correlation: sig
4-A:correlation: sig
5-A:correlation: sig
1-B:correlation: sig
2-B:correlation: sig
3-B:correlation: sig
4-B:correlation: sig
5-B:correlation: sig
1-C:correlation: sig
2-C:correlation: sig
3-C:correlation: sig
4-C:correlation: sig
5-C:correlation: sig
1,2-A:regression:sig
2,3-B:regression:sig
2-C:regression:sig";#;;;;;;;;;;;;;;;;;;;;;;;;;;;;;;;;;;
7;11;edwin;"III) Audio
II) Video";"III) Audio
II) Video";"III) NS
II) NS";"III) NS
II) NS";"1) Gemaps Acoustic Features
2) Extended Gemaps Acoustic Features
3) MFCCS
4) Facial Action Units";"1) Verbal
2) Verbal
3) Verbal
4) Head";"1) Speech Features
2) Speech Features
3) Speech Features
4) Facial Expressions";"1) Individual
2) Individual
3) Individual
4) Individual";"1) III
2) III
3) III
4) II";"1) Other: Opensmile
2) Other: Opensmile
3) Other: Opensmile
4) Other: Openface";"A) voiced Laughter
B) unvoiced Laughter
c) speech Laughter";"A) Voicing probability and unvoiced frame ratio
B) Voicing probability and unvoiced frame ratio
c) Human Annotations";"A) interpersonal relationship
B) interpersonal relationship
c) interpersonal relationship";"A) process
B) process
c) process";"1,2,3,4-A:sup. machine learning: nonsig
1,3,3,4-B:sup. machine learning: nonsig
1,2,3,4-C:sup. machine learning: nonsig";#;;;;;;;;;;;;;;;;;;;;;;;;;;;;;;;;;;
8;12;bert;III) Audio;III) Audio;III) Microphone;III) NS;"1) Speech Features 
2) Linguistic Features";"1) Verbal
2) Verbal";"1) Speech Features
2) Speech Content";"1) Individual
2) Individual";"1) III
2) III";"1) Calculation
2) Calculation";A) group performance;A) group scores compared to expert scores;A) performance;A) product;1,2-A: sup. machine learning: 64.4%;#;;;;;;;;;;;;;;;;;;;;;;;;;;;;;;;;;;
9;14;callie;I) Eye Gaze;I) Eye Gaze;I) Eye Tracker;I) NS;"1) Perceptual With-Me-Ness (Gaze)
2) Conceptual With-Me-Ness (Gaze)
3) Gaze Similarity ";"1) Gaze
2) Gaze
3) Gaze";"1) Visual Attention
2) Visual Attention
3) Visual Attention";"1) Individual
2) Individual
3) Group";"1) I
2) I
3) I";"1) Calculation
2) Calculation 
3) Calculation";A) learning gains;A) pre-post test;A) learning;A) product;"1-A: correlation: sig (r = 0.51)
2-A: correlation: sig (r = 0.41)
3-A: correlation: sig (r = 0.39)";#;;;;;;;;;;;;;;;;;;;;;;;;;;;;;;;;;;
10;15;edwin;I) Eye Gaze;I) Eye Gaze;I) Eye-Tracking Glasses;I) Smi;"1) Gaze Fixations
2) Gaze Saccades";"1) Gaze
2) Gaze";"1) Visual Attention
2) Eye Motion";"1) Individual
2) Individual";"1) I
2) I";"1) Other: Begaze
2) Other: Begaze";A) reference-action sequence;A) researcher codes;A) performance;A) product;1,2-A:correlation: nonsig;#;;;;;;;;;;;;;;;;;;;;;;;;;;;;;;;;;;
11;17;steph;"II) Video
IV) Kinesiology
V) Log Data";"II) Video
IV) Body Language
V) Log Data";"II) Kinect
IV) Kinect
V) Own Application";"II) Microsoft Kinect
IV) Microsoft Kinect
V) Javatutor";"1) Dialogue Acts
2) Facial Expression
3) Gesture
4) Task Actions";"1) Verbal
2) Head
3) Body
4) Log Data";"1) Speech Content
2) Facial Expressions
3) Hand Motion
4) Task-Related";"1) Individual
2) Individual
3) Individual
4) Individual";"1) V
2) II
3) IV
4) V";"1) Sup Machine Learning
2) Cert
3) Calculation
4) None";"A) engagement
B) frustration
c) learning gains";"A) participant self report
B) participant self report
c) pre-post test";"A) cognitive engagement
B) affective
c) learning";"A) process
B) process
c) product";"1,2,3-A: regression: sig
1,2,3-B: regression: sig
1,2,3-C: regression: sig";#;;;;;;;;;;;;;;;;;;;;;;;;;;;;;;;;;;
12;18;steph;"IV) Kinesiology
II) Video";"IV) Body Language
II) Video";"IV) Kinect
II) Camera";"IV) Microsoft Kinect
II) NS";"1) Clustered Hand/Wrist Movement
2) Object Manipulation";"1) Body
2) Log Data";"1) Hand Motion
2) Task-Related";"1) Individual
2) Individual";"1) IV
2) II";"1) Unsupervised Machine Learning
2) Human Coding";A) learning gains;A) pre-post test (references to  principles or mechanisms that confer stability to three example structures) ;A) learning;A) product;1-A:sup. machine learning: sig (ACC: 76%);#;;;;;;;;;;;;;;;;;;;;;;;;;;;;;;;;;;
13;19;bert;"I) Eye Gaze
III) Audio";"I) Eye Gaze
III) Audio";"I) Eye Tracker
III) Microphone";"I) Tobii 1750
III) NS";"1) (Not) Focused Together
2) Dialogue Episodes";"1) Gaze
2) Verbal";"1) Visual Attention
2) Speech Content";"1) Group
2) Individual";"1) I
2) III";"1) Calculation
2) Calculation";A) level of understanding;A) researcher codes;A) learning;A) product;"1-A: anova: sig (F [1,16]=8.70)
1,2-A: anova: sig (F [1,61]=7.60)";#;;;;;;;;;;;;;;;;;;;;;;;;;;;;;;;;;;
14;20;edwin;I) Eye Gaze;I) Eye Gaze;I) Eye Tracker;I) NS;1) Joint Visual Attention;1) Gaze;1) Visual Attention;1) Group;1) I;1) Calculation;"A) learning gains
B) collaboration quality";"A) learning test
B) coding scheme";"A) learning
B) coordination";"A) product
B) process";"1-A:regression: sig
1-B:regression: sig";#;;;;;;;;;;;;;;;;;;;;;;;;;;;;;;;;;;
15;21;edwin;V) Log Data;V) Log Data;V) Interactive Tabletop;V) NS;1) Events;1) Log Data;1) Task-Related ;1) Individual;1) V;1) Calculation;A) group performance;A) researcher codes;A) performance;A) product;1-A: unsup. machine learning: sig;#;;;;;;;;;;;;;;;;;;;;;;;;;;;;;;;;;;
16;22;edwin;"I) Eye Gaze
V) Log Data";"I) Eye Gaze
V) Log Data";"I) Eye Tracker
V) NS";"I) Tobii X1
V) NS";"1) Joint Visual Attention
2) N-Grams
3) Cosine Similarity Scores
4) Convergence Measures
5) Coherence Metrics";"1) Gaze
2) Verbal
3) Verbal
4) Verbal
5) Verbal";"1) Visual Attention
2) Speech Content
3) Speech Content
4) Speech Content
5) Speech Content";"1) Individual
2) Individual
3) Individual
4) Individual
5) Individual";"1) I
2) V
3) V
4) V
5) V";"1) Calculation
2) Calculation
3) Calculation
4) Calculation
5) Calculation";"A) learning gains
B) collaboration quality";"A) learning test
B) coding scheme";"A) learning
B) coordination";"A) product
B) process";"1,4-A: ANOVA: nonsig
1,4-B:ANOVA: nonsig
1,5-A:correlation: sig
2,3,4,5-A: sup. machine learning: 75%";#;;;;;;;;;;;;;;;;;;;;;;;;;;;;;;;;;;
17;24;edwin;"I) Eye Gaze
II) Video
III) Audio";"I) Eye Gaze
II) Video
III) Audio";"I) Eye Tracker
II) Camera
III) Microphone ";"I) SMI Eye- Tracking Glasses With Binocular Pupil Tracking At 30Hz
II) NS
III) NS";"1) Joint Visual Attention
2) Gestures
3) Speech Duration";"1) Gaze
2) Body
3) Verbal";"1) Visual Attention
2) Hand Motion
3) Speech Participation";"1) Group
2) Individual
3) Individual";"1) I
2) II
3) III";"1) Calculation
2) Qualitative
3) Calculation";"A) group performance 
B) learning gains";"A) researcher codes
B) learning test";"A) performance
B) learning";"A) product
B) product";"1,2,3-B:qualitative: sig
1-B:correlation: sig";#;;;;;;;;;;;;;;;;;;;;;;;;;;;;;;;;;;
18;25;edwin;"II) Video
III) Audio
V) Log Data";"II) Video
III) Audio
V) Log Data";"II) Camera
III) Microphone
V) Digital Pen";"II) NS
III) NS
V) NS";"1) Calculator Use
2) Total Movement
3) Distance From The Center Of The Table
4) Number Of Interventions
5) Speech Duration
6) Times Numbers Were Mentioned
7) Times Mathematical Terms Were Mentioned
8) Times Commands Were Pronounced
9) Total Number Of Pen Strokes
10) Average Number Of Points
11) Average Stroke Time Length
12) Average Stroke Path Length
13) Average Stroke Displacement
14) Average Stroke Pressure";"1) Log Data
2) Body
3) Body
4) Verbal
5) Verbal
6) Verbal
7) Verbal
8) Verbal
9) Log Data 
10) Log Data 
11) Log Data 
12) Log Data 
13) Log Data 
14) Log Data";"1) Task-Related
2) Gross Body Motion
3) Location
4) Speech Participation
5) Speech Participation
6) Speech Content
7) Speech Content
8) Speech Content
9) Text 
10) Text 
11) Text 
12) Text 
13) Text 
14) Text ";"1) Individual
2) Individual
3) Individual
4) Group
5) Individual
6) Individual
7) Individual
8) Individual
9) Individual
10) Individual
11) Individual
12) Individual
13) Individual
14) Individual";"1) II
2) II
3) II
4) III
5) III
6) III
7) III
8) III
9) V
10) V
11) V
12) V
13) V
14) V";"1) Other: Opencv
2) Other: Codebook Algorithm
3) Other: Opentld
4) Other: Stats Generator Algorithm
5) Other: Stats Generator Algorithm
6) Other: Stats Generator Algorithm
7) Other: Stats Generator Algorithm
8) Other: Stats Generator Algorithm
9) Other: Strontium
10) Other: Strontium
11) Other: Strontium
12) Other: Strontium
13) Other: Strontium
14) Other: Strontium";"A) odds of a student solving correctly a problem
B) expert prediction";"A) researcher codes
B) researcher codes";"A) performance
B) group composition";"A) product
B) condition";"1,2,3,4,5,6,7,8,9,10,11,12,13,14-A:regression: sig
1,2,3,4,5,6,7,8,9,10,11,12,13,14-B:sup. machine learning: sig";#;;;;;;;;;;;;;;;;;;;;;;;;;;;;;;;;;;
19;26;edwin;"II) Video
III) Audio";"II) Video
III) Audio";"II) Camera
III) Microphone";"II) NS
III) Dev-Audio";"1) Speaking Status
2) Pitch
3) Energy
4) Head Motion
5) Body Motion
6) Motion Energy Images
7) Gaze";"1) Verbal
2) Verbal
3) Verbal
4) Head
5) Body
6) Body
7) Gaze";"1) Speech Participation
2) Speech Features
3) Speech Features
4) Head Motion
5) Gross Body Motion
6) Gross Body Motion
7) Visual Attention";"1) Group
2) Individual
3) Individual
4) Individual
5) Individual
6) Individual
7) Group";"1) III
2) III
3) III
4) II
5) II
6) II
7) II";"1) Calculation
2) Calculation
3) Calculation
4) Calculation
5) Calculation
6) Calculation
7) Calculation";A) personality traits;A) self-reported survey , researcher codes;A) group composition;A) condition;1,2,3,4,5,6,7-A:unsup. machine learning: 69.61%;#;;;;;;;;;;;;;;;;;;;;;;;;;;;;;;;;;;
20;27;edwin;"II) Video
III) Audio
V) Log Data";"II) Video
III) Audio
V) Log Data";"II) Camera
III) Microphone
V) Digital Pen And Digital Paper";"II) Point Grey Scorpion Digital Firewire Cameras
III) Countryman Isomax Hyper-Cardioid Microphones
V) Nokia Digital Pens And Anoto Digital Paper";"1) Total Manual Gestures Per Second
2) Iconic Gestures Per Second
3) Deictic Gestures Per Second";"1) Body
2) Body
3) Body";"1) Hand Motion
2) Hand Motion
3) Hand Motion";"1) Individual
2) Individual
3) Individual";"1) II
2) II
3) II";"1) Qualitative
2) Qualitative
3) Qualitative";A) expertise;A) researcher codes;A) group composition;A) condition;"1-A:Wilcoxon Signed Ranks test: sig
2-A:Wilcoxon Signed Ranks test: sig
3-A:Wilcoxon Signed Ranks test: nonsig";#;;;;;;;;;;;;;;;;;;;;;;;;;;;;;;;;;;
21;28;edwin;"III) Audio
V) Log Data";"III) Audio
V) Log Data";"III) Microphone
V) Interactive Tabletop";"III) Dev-Audio
V) Collaid";"1) Sequences Of Verbal Utterances
2) Sequences Of Meaningful Actions";"1) Verbal
2) Log Data";"1) Speech Content
2) Touch ";"1) Individual
2) Individual";"1) III
2) V";"1) Qualitative
2) Qualitative";A) colloboration quality;A) researcher codes;A) coordination;A) process;1,2-A:unsup. machine learning: 90%;#;;;;;;;;;;;;;;;;;;;;;;;;;;;;;;;;;;
22;32;callie;III) Audio;III) Audio;III) Microphone;III) NS;"1) Duration Of All Vocalisations
2) Average Duration Of Vocalisation
3) Standard Deviation Of Vocalisation
4) Probability Of A Transition From Floor To A Vocalisation
5) Probability Of A Transition From A Vocalisation To Floor
6) Probability Of Transitioning From A Group Vocalisation To Speaker Vocalisation
7) Probability Of Transitioning From A Speaker Vocalisation To A Group Vocalisation
8) Uncertainty In The Transitions Originating From A Speaker";"1) Verbal
2) Verbal
3) Verbal
4) Verbal
5) Verbal
6) Verbal
7) Verbal
8) Verbal";"1) Speech Participation
2) Speech Participation
3) Speech Participation
4) Speech Participation
5) Speech Participation
6) Speech Participation
7) Speech Participation
8) Speech Participation";"1) Individual
2) Individual
3) Individual
4) Individual
5) Individual
6) Individual
7) Individual
8) Group";"1) III
2) III
3) III
4) III
5) III
6) III
7) III
8) III";"1) Calculation
2) Calculation
3) Calculation
4) Calculation
5) Calculation
6) Calculation
7) Calculation
8) Calculation";A) identity of the expert;A) student with the highest cumulative score of points assigned to correctly and incorrectly solved problems, weighted according a discrete diffculty level scale;A) group composition;A) condition;1,2,3,4,5,6,7,8-A: sup. machine learning: sig (ACC: 92%);#;;;;;;;;;;;;;;;;;;;;;;;;;;;;;;;;;;
22;32;callie;III) Audio;III) Audio;III) Microphone;III) NS;1) Transition Probability Between Types Of Vocalisations;1) Verbal;1) Speech Participation;1) Individual;1) III;1) Calculation;B) task performance;B) correct vs incorrect solutions;B) performance;B) product;9-B: sup. machine learning: sig (F1: 0.838, 0.395);#;;;;;;;;;;;;;;;;;;;;;;;;;;;;;;;;;;
23;33;callie;"IV) Kinesiology
V) Log Data";"IV) Body Language
V) Log Data";"IV) Kinect
V) Own Application";"IV) Microsoft Kinect
V) Created";"1) Amount Of Exploration
2) Types Of Exploration
3) Amount Of Movement
4) Type Of Movement
5) Body Synchronization
6) Body Distance";"1) Log Data
2) Log Data
3) Body
4) Body
5) Body
6) Body";"1) Task-Related
2) Task-Related
3) Gross Body Motion
4) Gross Body Motion
5) Gross Body Motion
6) Location";"1) Individual
2) Individual
3) Individual
4) Group
5) Individual
6) Individual";"1) V
2) V
3) IV
4) IV
5) IV
6) IV";"1) Calculation
2) Calculation
3) Calculation
4) Unsup Machine Learning
5) Calculation
6) Calculation";"A) individual learning gains
B) group learning gains
c) leadership";"A) pre-post test
B) pre-post test
c) coding";"A) learning
B) learning
c) group composition";"A) product
B) product
c) condition";"1-A: correlation: nonsig
2-A: correlation: mixed
3-A: correlation: nonsig
4-A: correlation: sig
4-C: ANOVA: sig
5-A: ANOVA: nonsig
6-A: correlation: nonsig
1,2,3,4,5,6-B: sup. machine learning: sig (ACC: 100%)";#;;;;;;;;;;;;;;;;;;;;;;;;;;;;;;;;;;
24;39;bert;"VI) EDA
III) Audio";"VI) Physiological
III) Audio";"VI) Smart Wristband
III) Microphone ";"VI) Empatica E4
III) Kinect Microphone";"1) Physiological Synchrony (Pc)
2) Physiological Synchrony (Da)
3) Physiological Synchrony (Sm)
4) Physiological Synchrony (Idm)
5) Cycles Of Physiological Synchrony (Pc)";"1) Physiological
2) Physiological
3) Physiological
4) Physiological
5) Physiological";"1) EDA
2) EDA
3) EDA
4) EDA
5) EDA";"1) Group
2) Group
3) Group
4) Group
5) Group";"1) VI
2) VI
3) VI
4) VI
5) VI";"1) Calculation
2) Calculation
3) Calculation
4) Calculation
5) Calculation";"A) collaboration quality
B) task performance
c) learning gains";"A) Meier, Spada and Rummel coding scheme
B) performance score
c) pre-post test";"A) coordination
B) performance
c) learning";"A) process
B) product
c) product";"1-C: correlation: sig r = 0.35
2-A: correlation: sig r =0.47
5-A: correlation: sig r = 0.57
5-C: correlation: sig r = 0.47";#;;;;;;;;;;;;;;;;;;;;;;;;;;;;;;;;;;
25;40;edwin;"III) Audio
II) Video
VI) EDA";"III) Audio
II) Video
VI) Physiological";"III) Microphone
II) Webcam
VI) Electrodes";"III) NS
II) NS
VI) Shimmer 3 Gsr+";"1) Speech Rate
2) Face And Upper Body Movement
3) Galvanic Skin Response";"1) Verbal
2) Body
3) Physiological";"1) Speech Features
2) Gross Body Motion
3) EDA";"1) Individual
2) Individual
3) Individual";"1) III
2) II
3) VI";"1) Sup Machine Learning
2) Sup Machine Learning
3) Calculation";"A) perceived collaboration quality
B) perceived valence
c) perceived arousal
D) task performance";"A) Questionnaire
B) 5-point Likert scale
c) 5-point Likert scale
D) Trophies earned";"A) interpersonal relationship 
B) affective
c) affective
D) performance";"A) process
B) process
c) process
D) product";"1,2,3-A:unsup. machine learning: nonsig
1,2,3-B:unsup. machine learning: nonsig
1,2,3-C:unsup. machine learning: nonsig
1,2,3-D:unsup. machine learning: nonsig";#;;;;;;;;;;;;;;;;;;;;;;;;;;;;;;;;;;
26;41;bert;I) Eye Gaze;I) Eye Gaze;I) Eye Tracker;I) Tobii Glasses;"1) Joint Visual Attention
2) Cycles Of Collaborative / Individual Work";"1) Gaze
2) Gaze";"1) Visual Attention
2) Visual Attention";"1) Group
2) Individual";"1) I
2) I";"1) Calculation
2) Calculation";"A) learning gains
B) collaboration quality
c) task performance";"A) pre-post test
B) Meier Spada Rummel coding scheme
c) number of mazes solved";"A) learning
B) coordination
c) performance";"A) product
B) process
c) product";"1-B: correlation: sig r = 0.341
2-B: correlation: sig r = 0.347
2-A: correlation: sig r = 0.398
2-C: correlation: sig r = 0.355";#;;;;;;;;;;;;;;;;;;;;;;;;;;;;;;;;;;
27;42;steph;"I) Eye Gaze
V) Log Data";"I) Eye Gaze
V) Log Data";"I) Eye Tracker
V) Log Data";"I) Tobii 1750 Eye Trackers
V) Tetris";"1) Gaze Location
2) Gaze Saccade
3) Gaze Fixation
4) Player Actions
5) Zoid Acceleration";"1) Gaze
2) Gaze
3) Gaze
4) Log Data
5) Log Data";"1) Visual Attention
2) Eye Motion
3) Visual Attention
4) Task-Related
5) Task-Related ";"1) Individual
2) Individual
3) Individual
4) Individual
5) Individual";"1) I
2) I
3) I
4) V
5) V";"1) Calculation
2) Calculation
3) Calculation
4) Calculation
5) Calculation";A) social context;A) experimental set-up;A) group composition;A) condition;1,2,3,4,5-A: sup. machine learning: sig (ACC:81.43);#;;;;;;;;;;;;;;;;;;;;;;;;;;;;;;;;;;
28;43;callie;III) Audio;III) Audio;III) Microphone;III) NS;"1) Pitch
2) Intensity
3) Voice Quality
4) Speaking Rate
5) Proximity
6) Convergence
7) Synchrony";"1) Verbal
2) Verbal
3) Verbal
4) Verbal
5) Verbal
6) Verbal
7) Verbal";"1) Speech Features
2) Speech Features
3) Speech Features
4) Speech Features
5) Speech Features
6) Speech Features
7) Speech Features";"1) Individual
2) Individual
3) Individual
4) Individual
5) Group
6) Group
7) Group";"1) III
2) III
3) III
4) III
5) III
6) III
7) III";"1) Calculation
2) Calculation
3) Calculation
4) Calculation
5) Calculation
6) Calculation
7) Calculation";A) rapport level;A) human coding validated with self-reports;A) interpersonal relationship;A) process;"5-A: correlation: mixed (Max r 0.842)
6-A: correlation: mixed (Max r 0.741)
7-A: correlation: mixed (Max r 0.634)";#;;;;;;;;;;;;;;;;;;;;;;;;;;;;;;;;;;
29;44;edwin;I) Eye Gaze;I) Eye Gaze;I) Optical See-Through Head-Mounted Display;I) NS;1) Gaze Location;1) Gaze;1) Visual Attention;1) Individual;1) I;1) None;"A) quality of remote collaboration
B) task completion time";"A) seven-point scale questionnaire
B) timer";"A) performance
B) performance";"A) product
B) product";"1-A:Wilcoxon Signed Ranks test: sig
1-B:Wilcoxon Signed Ranks test: sig";#;;;;;;;;;;;;;;;;;;;;;;;;;;;;;;;;;;
30;46;bert;I) Eye Gaze;I) Eye Gaze;I) Eye Tracker;I) SMI Glasses;1) Joint Visual Attention;1) Gaze;1) Visual Attention;1) Group;1) I;1) Calculation;"A) task performance
B) learning gains";"A) calculation
B) pre post test";"A) performance
B) learning";"A) product
B) product";"1-A: correlation: sig (r = 0.59)
1-B: correlation: sig (r = 0.42)";#;;;;;;;;;;;;;;;;;;;;;;;;;;;;;;;;;;
31;47;edwin;"II) Video
III) Audio";"II) Video
III) Audio";"II) Camera
III) Microphone";"II) NS
III) NS";"1) Intra-Personal Features
2) Dyadic Features
3) One Vs All Features";"1) Head
2) Head
3) Verbal";"1) Facial Expressions
2) Facial Expressions
3) Speech Features";"1) Individual
2) Group
3) Group";"1) II, III
2) II, III
3) II, III";"1) Other: Opensmile, Motion Energy Image
2) Calculation
3) Calculation";"A) personality traits
B) social impressions";"A) self-reported survey
B) questionnaire";"A) group composition
B) interpersonal relationship";"A) condition
B) process";"1-A: Regression: 73.53%
1-B:Regression: 76.47%
2-A: Regression: 60.54%
2-B: Regression: 66.42%
3-A: Regression: 65.69%
3-B: Regression: 73.53%";#;;;;;;;;;;;;;;;;;;;;;;;;;;;;;;;;;;
32;48;bert;"II) Video
III) Audio";"II) Video
III) Audio";"II) Camera
III) Microphone";"II) NS
III) NS";"1) Audio Energy Features
2) Visual Focus Of Attention";"1) Verbal
2) Gaze";"1) Speech Features
2) Visual Attention";"1) Individual
2) Individual";"1) III
2) II";"1) Calculation
2) Calculation";A) visual dominance ratio;A) manual annotation of videos;A) group composition;A) condition;1,2-A: sup. machine learning: 79.4%;#;;;;;;;;;;;;;;;;;;;;;;;;;;;;;;;;;;
33;49;steph;"II) Video
III) Audio
V) Log Data
XII) Other";"II) Video
III) Audio
V) Log Data
XII) Log Data";"II) Camera
III) Microphone
V) Digital
XII) Digital";"II) NS
III) NS
V) Fact (Formative Assessment Using Computational Technology)
XII) NS";"1) Card Movements
2) Scrolling
3) Zooming
4) Audio Features";"1) Log Data
2) Log Data
3) Log Data
4) Verbal";"1) Task-Related 
2) Task-Related 
3) Task-Related 
4) Speech Features";"1) Individual
2) Individual
3) Individual
4) Individual";"1) V
2) V
3) V
4) III";"1) Calculation
2) Calculation
3) Calculation
4) Calculation";"A) collaboration
B) asymmetric contribution
c) cooperation";"A) manual annotation of videos
B) manual annotation of videos
c) manual annotation of videos";"A) coordination 
B) coordination
c) coordination ";"A) process
B) process
c) process";"1,2,3,4-A,C: sup. machine learning: 96%
1,2,3,4-A,B,C: sup. machine learning: 86%";#;;;;;;;;;;;;;;;;;;;;;;;;;;;;;;;;;;
34;50;edwin;III) Audio;III) Audio;III) NS;III) NS;1) Speech Utterances;1) Verbal;1) Speech Content;1) Individual;1) III;1) Calculation;A) personality traits;A) self-reported survey , perceived interaction scores;A) group composition;A) condition;1-A: sup. machine learning : 87.9%;#;;;;;;;;;;;;;;;;;;;;;;;;;;;;;;;;;;
35;52;steph;I) Eye Gaze;I) Eye Gaze;I) Eye Tracker;I) Eyetribe;"1) Gaze Area Of Interest 
2) Cross-Recurrence Quantification Analysis
3) Multidimensional Recurrence Quantification Analysis";"1) Gaze
2) Gaze
3) Gaze";"1) Visual Attention
2) Visual Attention
3) Visual Attention";"1) Individual
2) Group
3) Group";"1) I
2) I
3) I";"1) Calculation
2) Matrix Calculation
3) Matrix Calculation";"A) construction of shared knowledge
B) negotiation
c) coordination
D) task score
E) group performance";"A) manual annotation of videos
B) manual annotation of videos
c) manual annotation of videos
D) expert coding of task, post-test score
E) self-reported survey";"A) coordination
B) coordination
c) coordination
D) performance
E) performance";"A) process
B) process
c) process
D) product
E) product";"2-A: regression: sig 
3-B: regression: sig
3-C: regression: sig
2-D: regression: nonsig
2-E: regression: sig
2-D: regression: nonsig
2-E: regression:nosig";#;;;;;;;;;;;;;;;;;;;;;;;;;;;;;;;;;;
36;53;bert;"I) Eye Gaze
III) Audio";"I) Eye Gaze
III) Audio";"I) Eye Tracker
III) Microphone";"I) Tobii X1
III) NS";"1) Joint Visual Attention
2) Simple Linguistic Features
3) Convergence Of Linguistic Styles
4) Coherence";"1) Gaze
2) Verbal
3) Verbal
4) Verbal";"1) Visual Attention
2) Speech Content
3) Speech Content
4) Speech Content";"1) Group
2) Individual
3) Group
4) Group";"1) I
2) III
3) III
4) III";"1) Calculation
2) Calculation
3) Calculation
4) Calculation";"A) learning gains
B) collaboration
c) joint visual attention";"A) pre-post test
B) coding scheme
c) calculation";"A) learning
B) coordination
c) coordination";"A) product
B) process
c) process";"3-A,B,C: correlation: nonsig
4-A: correlation: sig
4-C: ANOVA: sig
2-A: sup. machine learning: 75%";#;;;;;;;;;;;;;;;;;;;;;;;;;;;;;;;;;;
37;54;steph;"III) Audio
II) Video";"III) Audio
II) Video";"III) Microphone
II) Camera";"III) Dev-Audio’S Microcone
II) Logitech Webcam Pro 9000";"1) Speaking Activity
2) Visual Attention
3) Audio-Visual";"1) Verbal
2) Gaze
3) Gaze";"1) Speech Participation
2) Visual Attention
3) Visual Attention";"1) Individual
2) Individual
3) Individual";1) II, III;"1) Calculation
2) Calculation
3) Calculation";"A) personality traits
B) percieved interaction score
c) ranked dominance
D) task performance
E) perceived leadership and dominance";"A) NEO-FFI, pRF
B) questionnaire 
c) questionnaire
D) expert grading
E) questionnaire";"A) group composition
B) interpersonal relationship
c) interpersonal relationship
D) performance
E) interpersonal relationship";"A) condition
B) process
c) process
D) product
E) process";"1,3-E: sup. machine learning: 50%
1,3-C: sup. machine learning: 59.1%";#;;;;;;;;;;;;;;;;;;;;;;;;;;;;;;;;;;
38;56;bert;"I) Eye Gaze
III) Audio
IV) Kinesiology
VI) EDA";"I) Eye Gaze
III) Audio
IV) Body Language
VI) Physiological";"I) Eye Tracker
III) Microphone
IV) Kinect V2
VI) Smart Wristband";"I) Tobii
III) Kinect Microphone
IV) Microsoft
VI) Empatica E4";"1) Coh-Metrix Indices
2) Physical Synchrony
3) Physiological Synchrony
4) Joint Visual Attention";"1) Verbal
2) Body
3) Physiological
4) Gaze";"1) Speech Features
2) Gross Body Motion
3) EDA
4) Visual Attention";"1) Individual
2) Group
3) Group
4) Group";"1) III
2) IV
3) VI
4) I";"1) Calculation
2) Calculation
3) Calculation
4) Calculation";"A) learning gains
B) collaboration
c) coh-metrix indices";"A) pre-post test
B) Meier Spada Rummel coding scheme
c) computational measures of transcripts";"A) learning
B) coordination
c) communication";"A) product
B) process
c) process";"1-A: correlation: sig
1-B: correlation: sig
1-C: correlation: sig
2-C: correlation: sig
3-C: correlation: sig
4-C: correlation: sig
2-B: sup. machine learning: 84%";#;;;;;;;;;;;;;;;;;;;;;;;;;;;;;;;;;;
39;57;callie;"VI) EDA
VII) ECG";"VI) Physiological
VII) Physiological";"VI) Wearable Sensor
VII) Wearable Sensor";"VI) Mp150 Data Acquisition System
VII) Mp150 Data Acquisition System";"1) SM - EDA
2) IDM - EDA
3) DA - EDA
4) CC - EDA
5) WC - EDA
6) SM - Hr
7) IDM - Hr
8) DA - Hr
9) CC - Hr
10) WC - Hr Low Frequency
11) WC - Hr High Frequency";"1) Physiological
2) Physiological
3) Physiological
4) Physiological
5) Physiological
6) Physiological
7) Physiological
8) Physiological
9) Physiological
10) Physiological
11) Physiological";"1) EDA
2) EDA
3) EDA
4) EDA
5) EDA
6) Heart
7) Heart
8) Heart
9) Heart
10) Heart
11) Heart";"1) Group
2) Group
3) Group
4) Group
5) Group
6) Group
7) Group
8) Group
9) Group
10) Group
11) Group";"1) VI
2) VI
3) VI
4) VI
5) VI
6) VII
7) VII
8) VII
9) VII
10) VII
11) VII";"1) Calculation
2) Calculation
3) Calculation
4) Calculation
5) Calculation
6) Calculation
7) Calculation
8) Calculation
9) Calculation
10) Calculation
11) Calculation";"A) task performance
B) self-rated workload";"A) Multiattribute Task Battery program
B) Questionnaire (NASA Task Load Index)";"A) performance
B) cognitive engagement";"A) product
B) process";"1-A: LME: nonsig
2-A: LME: nonsig
3-A: LME: sig
4-A: LME: nonsig
5-A: LME: nonsig
6-A: LME: nonsig
7-A: LME: nonsig
8-A: LME: nonsig
9-A: LME: nonsig
10-A: LME: nonsig
11-A: LME: nonsig
1-B: LME: nonsig
2-B: LME: nonsig
3-B: LME: nonsig
4-B: LME: nonsig
5-B: LME: nonsig
6-B: LME: nonsig
7-B: LME: nonsig
8-A: LME: nonsig
9-A: LME: nonsig
10-A: LME: nonsig
11-A: LME: nonsig";#;;;;;;;;;;;;;;;;;;;;;;;;;;;;;;;;;;
40;58;edwin;II) Video;II) Video;II) Camera;II) NS;"1) Count Of Faces Looking At Screen
2) Distance Between Learners
3) Distance Between Hands
4) Hand Motion Speed";"1) Gaze
2) Body
3) Body
4) Body";"1) Visual Attention
2) Location
3) Hand Motion
4) Hand Motion";"1) Individual
2) Individual
3) Individual
4) Individual";"1) II
2) II
3) II
4) II";"1) Calculation
2) Calculation
3) Calculation
4) Calculation";"A) physical engagement
B) synchronisation
c) individual accountability";"A) Researcher codes
B) Researcher codes
c) Researcher codes";"A) cognitive engagement
B) coordination
c) coordination, cognitive engagement";"A) process
B) process
c) process";"3-C:regression: sig
3-B:regression: sig
1+3-B:regression: sig
3-A:regression: sig";#;;;;;;;;;;;;;;;;;;;;;;;;;;;;;;;;;;
41;60;edwin;V) Log Data;V) Log Data;V) Touch Screen;V) Microsoft Pixelsense Sdk;1) Touch Patterns;1) Log Data;1) Touch;1) Individual;1) V;1) Calculation;A) social regulation;A) Rogat and Linnenbrink-garcia’s framework;A) coordination, cognitive engagement;A) process;1-A:calculation:84.2%;#;;;;;;;;;;;;;;;;;;;;;;;;;;;;;;;;;;
42;61;steph;"III) Audio
I) Eye Gaze
VI) EDA
IV) Kinesiology";"III) Audio
I) Eye Gaze
VI) Physiological
IV) Body Language";"III) Kinect
I) Eye Tracker
VI) Wearable Sensor 
IV) Kinect";"III) Kinect
I) Tobii Eye Trackers
VI) Empatica E4
IV) Kinect";"1) Total Movement Across Upper Body Joints And Body Parts
2) Talking Time";"1) Body
2) Verbal";"1) Gross Body Motion
2) Speech Participation";"1) Individual
2) Individual";"1) IV
2) III";"1) Calculation
2) Calculation";A) collaboration quality;A) experimenter code;A) coordination;A) process;"1-A: correlation: sig
2-A: correlation: sig";#;;;;;;;;;;;;;;;;;;;;;;;;;;;;;;;;;;
43;62;steph;I) Eye Gaze;I) Eye Gaze;I) Eye Tracker;I) NS;1) Evt Of Spatial Entropy;1) Gaze;1) Visual Attention;1) Individual;1) I;1) Calculation;"A) collaboration outcome
B) post-test score";"A) NS
B) pre-post test";"A) performance
B) learning";"A) product
B) product";"1-A: regression: sig
1-B: regression: sig";#;;;;;;;;;;;;;;;;;;;;;;;;;;;;;;;;;;
44;63;iulian;"II) Video
III) Audio
VI) EDA";"II) Video
III) Audio
VI) Physiological";"II) Camera
III) Microphone
VI) Wearable Sensor";"II) 360 Video Camera Moore System
III) 360 Video Camera Moore System
VI) Empatica E3";"1) Facial Expression
2) Physiological Simultaneous Arousal";"1) Head
2) Physiological";"1) Facial Expressions
2) EDA";"1) Individual
2) Group";"1) II
2) VI";"1) Calculation
2) Calculation";"A) type of working activity
B) type of interaction";"A) Researcher codes
B) Researcher codes";"A) coordination
B) communication";"A) process
B) process";"1-A: calculation: nonsig
1-B: ANOVA: sig
2-A: calculation: nonsig
2-B: calculation: nonsig";#;;;;;;;;;;;;;;;;;;;;;;;;;;;;;;;;;;
45;64;iulian;"III) Audio
IV) Kinesiology
V) Log Data";"III) Audio
IV) Body Language
V) Log Data";"III) Microphone
IV) Wearable Sensor
V) Digital";"III) NS
IV) NS 
V) NS";"1) Speaking Turn Features
2) Acoustic Features
3) Head Motion Features
4) Linguistic Features";"1) Verbal
2) Verbal
3) Head
4) Verbal";"1) Speech Participation
2) Speech Features
3) Head Motion
4) Speech Content";"1) Group
2) Individual
3) Individual
4) Individual";"1) III
2) III
3) IV
4) V";"1) Calculation
2) Calculation
3) Calculation
4) Calculation";A) artefact quality;A) Researcher codes;A) performance;A) product;1,2,3,4-A : unsup. machine learning : sig;#;;;;;;;;;;;;;;;;;;;;;;;;;;;;;;;;;;
46;66;bert;I) Eye Gaze;I) Eye Gaze;I) Eye Tracker;I) Tobii;1) Network Features;1) Gaze;1) Visual Attention;1) Individual;1) I;1) Other (Network Analyses);A) collaboration quality;A) Meier, Spada and Rummel coding scheme;A) coordination;A) process;"1-A: sup. machine learning: 85-100%
1-A: correlation: sig";#;;;;;;;;;;;;;;;;;;;;;;;;;;;;;;;;;;
47;69;steph;"IV) Kinesiology
VI) Kinesiology
III) Audio
V) Log Data";"IV) Body Language
VI) Body Language
III) Audio
V) Log Data";"IV) Kinect
VI) Kinect
III) Microphone
V) Arduino Ide ";"IV) Logitech C920
VI) Microsoft Kinect
III) NS
V) Arduino";"1) Number Of Faces Looking At Screen
2) Mean Distance Between Learners 
3) Mean Distance Between Hands
4) Mean Hand Movement Speed
5) Mean Audio Level
6) Arduino Measure Of Complexity
7) Arduino Active Hardware Blocks
8) Arduino Active Software Blocks
9) Arduino Active Blocks
10) Student Work Phases";"1) Head
2) Body
3) Body
4) Body
5) Verbal
6) Log Data
7) Log Data
8) Log Data
9) Log Data
10) Log Data";"1) Head Motion
2) Location
3) Hand Motion
4) Hand Motion
5) Speech Features
6) Task-Related
7) Task-Related
8) Task-Related
9) Task-Related
10) Task-Related";"1) Group
2) Individual
3) Individual
4) Individual
5) Individual
6) Individual
7) Individual
8) Individual
9) Individual
10) Individual";"1) IV
2) VI
3) VI
4) VI
5) III
6) V
7) V
8) V
9) V
10) IV";"1) Calculation
2) Calculation
3) Calculation
4) Calculation
5) Calculation
6) Other: Arduino
7) Other: Arduino
8) Other: Arduino
9) Other: Arduino
10) Other: Experimenter Coded";A) artefact quality;A) Researcher codes;A) performance;A) product;1,2,3,4,5,6,7,8,9,10-A: sup. machine learning: 24%;#;;;;;;;;;;;;;;;;;;;;;;;;;;;;;;;;;;
48;70;steph;"III) Audio
V) Log Data ";"III) Audio
V) Log Data ";"III) Microphone
V) Digital Pen";"III) NS
V) Anoto";"1) Pause Duration
2) Energy
3) Articulation Rate
4) Fundamental Frequency
5) Peak Slope
6) Spectral Stationarity 
7) Writing Rate
8) Writing Area 
9) Aspect Ration
10) Pressure
11) Uninterrupted Writing 
12) Pause Distribution/Average Pauses";"1) Verbal
2) Verbal
3) Verbal
4) Verbal
5) Verbal
6) Verbal
7) Log Data
8) Log Data
9) Log Data
10) Log Data
11) Log Data
12) Log Data";"1) Speech Participation
2) Speech Features
3) Speech Features
4) Speech Features
5) Speech Features
6) Speech Features
7) Text
8) Text
9) Text
10) Text
11) Text
12) Text";"1) Individual
2) Individual
3) Individual
4) Individual
5) Individual
6) Individual
7) Individual
8) Individual
9) Individual
10) Individual
11) Individual
12) Individual";"1) III
2) III
3) III
4) III
5) III
6) III
7) V
8) V
9) V
10) V
11) V
12) V";"1) Calculation
2) Calculation
3) Calculation
4) Calcuation
5) Calculation
6) Calculation
7) Calculation
8) Calculation
9) Calculation
10) Anoto
11) Calculation
12) Calculation";"A) leadership
B) expertise";"A) assigned
B) problem solving performance";"A) group composition
B) group composition";"A) condition
B) condition";"1-A: t-test: sig
3-A: t-test: sig
5-A: t-test: sig
6-A: t-test: sig
5-B: t-test: sig
3-B: t-test: nonsig
1-B: t-test: nonsig
6-B: t-test: nonsig";#;;;;;;;;;;;;;;;;;;;;;;;;;;;;;;;;;;
49;71;steph;"IV) Kinesiology
V) Log Data
III) Audio";"IV) Body Language
V) Log Data
III) Audio";"IV) Kinect
V) Arduino IDE
III) Microphone";"IV) NS
V) Arduino
III) Microphone";"1) Faces Looking At Screen 
2) Distance Between Learners
3) Distance Between Hands
4) Number Of Active Blocks
5) Variety Of Hardware Blocks
6) Variety Of Software Blocks 
7) Number Of Interconnections Between Blocks 
8) Audio Level";"1) Head
2) Body
3) Body
4) Log Data
5) Log Data
6) Log Data
7) Log Data
8) Verbal";"1) Head Motion
2) Location
3) Hand Motion
4) Task-Related
5) Task-Related
6) Task-Related
7) Task-Related
8) Speech Features";"1) Individual
2) Individual
3) Individual
4) Individual
5) Individual
6) Individual
7) Individual
8) Individual";"1) IV
2) IV
3) IV
4) V
5) V
6) V
7) V
8) III";"1) Calculation
2) Calculation
3) Calculation
4) Arduino
5) Arduino
6) Arduino
7) Arduino
8) Calculation";A) collaborative problem solving ;A) researcher codes ;A) coordination;A) process, product;"1,2-A: sup. machine learning: sig
8-A: sup. machine learning: sig";#;;;;;;;;;;;;;;;;;;;;;;;;;;;;;;;;;;
50;73;steph;I) Eye Gaze;I) Eye Gaze;I) Eye Tracker;I) Tobii Pro Glasses 2;1) Joint Visual Attention;1) Gaze;1) Visual Attention;1) Group;1) I;1) Calculation;"A) collaboration quality
B) cycles of collaboration
c) learning gains 
D) task performance";"A) researcher codes
B) researcher analysis
c) pre-post test
D) correctness ";"A) coordination
B) coordination
c) learning
D) performance";"A) process
B) process
c) product
D) product";"1-A: correlation: sig
1-A: correlation: sig";#;;;;;;;;;;;;;;;;;;;;;;;;;;;;;;;;;;
51;74;steph;I) Eye Gaze;I) Eye Gaze;I) Eye Tracker;I) SMI Eye- Tracking Glasses With Binocular Pupil Tracking At 30Hz;1) Joint Visual Attention;1) Gaze;1) Visual Attention;1) Group;1) I;1) Calculation;"A) collaboration quality
B) student performance 
c) learning gains ";"A) researcher codes
B) correctness
c) pre-post test";"A) coordination
B) performance
c) learning";"A) process
B) product
c) product";"1-A: correlation: sig
1-B: regression: sig
1-C: correlation: sig";#;;;;;;;;;;;;;;;;;;;;;;;;;;;;;;;;;;
52;75;steph;IV) Kinesiology;IV) Body Language;IV) Kinect;IV) Kinect;"1) Joint Movement
2) Joint Angle
3) Dyad Proximity";"1) Body
2) Body
3) Body";"1) Gross Body Motion
2) Gross Body Motion
3) Location";"1) Individual
2) Individual
3) Individual";"1) IV
2) IV
3) IV";"1) Unsup Machine Learning
2) Unsup Machine Learning
3) Calculation";"A) task performance
B) collaboration
c) learning gains";"A) researcher codes
B) researcher codes
c) pre-post test";"A) performance
B) coordination
c) learning";"A) product
B) process
c) product";"1-A: correlation: sig
1-B: correlation: nonsig
2-A: correlation: sig / mixed
3-B: correlation: nonsig
3-A: correlation: sig";#;;;;;;;;;;;;;;;;;;;;;;;;;;;;;;;;;;
53;78;iulian;"I) Eye Gaze
II) Video";"I) Eye Gaze
II) Video";"I) Eye Tracker
II) Eye Tracker";"I) Tobii X1
II) Tobii X1 Eye Tracker";"1) Joint Visual Attention
2) Cognitive Load (From Pupil Size)";"1) Gaze
2) Gaze";"1) Visual Attention
2) Eye Physiology";"1) Individual
2) Individual";"1) I
2) II";"1) Calculation
2) Calculation";A) learning gains;A) pre/post test;A) learning;A) product;"1-A :mediation: sig
2-A:mediation: nonsig";#;;;;;;;;;;;;;;;;;;;;;;;;;;;;;;;;;;
54;80;iulian;VI) EDA;VI) Physiological;VI) Wearable Sensor;VI) Empatica S3;"1) Signal Matching 
2) Instantaneous Derivative Matching 
3) Directional Agreement
4) Pearson’S Correlation Coefficient 
5) Fisher’S Z-Transform Of Pearson'S Correlation Coefficient";"1) Physiological
2) Physiological
3) Physiological
4) Physiological
5) Physiological";"1) EDA
2) EDA
3) EDA
4) EDA
5) EDA";"1) Group
2) Group
3) Group
4) Group
5) Group";"1) VI
2) VI
3) VI
4) VI
5) VI";"1) Calculation
2) Calculation
3) Calculation
4) Calculation
5) Calculation";"A) collaborative will
B) collaborative learning product
c) dual learning gains";"A) self report
B) researcher coded
c) researcher coded";"A) interpersonal relationship 
B) performance
c) learning";"A) process
B) product
c) product";"1,3,4,5-A : regression : nonsig
2-A:regression: sig
1,3,4,5-B : regression : nonsig
2-B:regression: sig
1,2,4,5-C : regression : nonsig
3-C:regression: sig";#;;;;;;;;;;;;;;;;;;;;;;;;;;;;;;;;;;
55;82;iulian;"II) Video
III) Audio";"II) Video
III) Audio";"II) Camera
III) Microphone";"II) NS
III) NS";"1) Linguistic Features
2) Voice Features
3) Facial Expression Features";"1) Verbal
2) Verbal
3) Head";"1) Speech Content
2) Speech Features
3) Facial Expressions";"1) Individual
2) Individual
3) Individual";"1) III
2) III
3) II";"1) Calculation
2) Calculation: Opensmile
3) Calculation: Openface";"A) perception of peer helpfulness
B) perception of peer understanding
c) perception of peer clarity";"A) questionnaire
B) questionnaire
c) questionnaire";"A) interpersonal relationship 
B) interpersonal relationship 
c) interpersonal relationship ";"A) process
B) process
c) process";"1,2,3-A: correlation: sig
1,2,3-B: correlation: sig
1,2,3-C:correlation: sig
1,2-A:correlation: nonsig
1,2-B:correlation: nonsig
1,2-C:correlation: nonsig
3-A:correlation: sig
3-B:correlation: sig
3-C:correlation: sig";#;;;;;;;;;;;;;;;;;;;;;;;;;;;;;;;;;;
56;83;iulian;"II) Video
V) Log Data";"II) Video
V) Log Data";"II) Camera
V) Own Application";"II) NS
V) NS";"1) Type Of Activity Done In Task
2) Amount Of Face And Body Movement
3) Target For Discussion Partner";"1) Log Data
2) Body
3) Log Data";"1) Task-Related
2) Gross Body Motion
3) Task-Related";"1) Individual
2) Individual
3) Individual";"1) V
2) II
3) II";"1) Calculation
2) Calculation
3) Calculation";"A) task success score
B) subjective perception of collaboration";"A) researcher coded
B) self report";"A) performance
B) interpersonal relationship ";"A) product
B) process";"1,2,3-A : correlation : sig
1,2,3-B : correlation : sig";#;;;;;;;;;;;;;;;;;;;;;;;;;;;;;;;;;;
57;84;iulian;"II) Video
III) Audio
VI) EDA";"II) Video
III) Audio
VI) Physiological";"II) Kinect
III) Kinect
VI) Wearable Sensor";"II) NS
III) NS
VI) Empatica E4";"1) Signal Matching
2) Instantaneous Derivative Matching 
3) Directional Agreement 
4) Pearson’S Correlation Coefficient
5) Speech Activity";"1) Physiological
2) Physiological
3) Physiological
4) Physiological
5) Verbal";"1) Combined
2) Combined
3) Combined
4) Combined
5) Speech Participation";"1) Group
2) Group
3) Group
4) Group
5) Group";"1) VI
2) VI
3) VI
4) VI
5) III";"1) Calculation
2) Calculation
3) Calculation
4) Calculation
5) Calculation";"A) learning gains
B) collaboration quality: dialogue management
c) collaboration quality: reaching consensus
D) colaboration quality: reciprocal interaction
E) collaboration quality: information pooling";"A) pre/post tests
B) researcher coded
c) researcher coded
D) researcher coded
E) researcher coded";"A) learning
B) communication
c) coordination
D) coordination
E) coordination";"A) product
B) process
c) process
D) process
E) process";"1,2,3-A : correlation : nonsig
4-A:correlation: sig
5-A : ANOVA : sig
1,2,4-B : correlation : nonsig
3-B:correlation: sig
1,2,4-C:correlation : nonsig
3-C:correlation: sig
1,2,4-D:correlation: nonsig
3-D:correlation: sig
1,2,3-E:correlation : nonsig
4-E:correlation: sig";#;;;;;;;;;;;;;;;;;;;;;;;;;;;;;;;;;;
58;89;callie;"II) Video
III) Audio";"II) Video
III) Audio";"II) Camera
III) Microphone";"II) NS
III) NS";"1) Head/Body Movement
2) (Non)Concurrent Speaking Length
3) Speaking Turn Duration/Number
4) Interruption";"1) Body
2) Verbal
3) Verbal
4) Verbal";"1) Gross Body Motion
2) Speech Participation
3) Speech Participation
4) Speech Participation";"1) Individual
2) Individual
3) Group
4) Group";"1) II
2) III
3) III
4) III";"1) Unsup Machine Learning
2) Calculation
3) Calculation
4) Calculation";A) emerging leadership;A) researcher codes;A) group composition;A) condition;"1-A: sup. machine learning: sig
2,3,4-A: sup. machine learning: sig
1,2,3,4-A: sup. machine learning: mixed";#;;;;;;;;;;;;;;;;;;;;;;;;;;;;;;;;;;
59;90;callie;II) Video;II) Video;II) Camera;II) NS;1) Visual Field Of Attention On A Person Features;1) Gaze;1) Visual Attention;1) Individual;1) II;"1) Sup. Machine Learning 2) Calcuation";A) surveyed and observed emerging leadership;"A) questionnaire (The SYstematic method for the Multiple Level Observation of groups and general Leader Impression Scale) + researcher codes (gLIS-observers)";A) group composition;A) condition;"1-A: correlation: mixed
1-A: sup. machine learning: sig";#;;;;;;;;;;;;;;;;;;;;;;;;;;;;;;;;;;
60;92;callie;"III) Audio
V) Log Data";"III) Audio
V) Log Data";"III) Microphone
V) Own Application";"III) Dev Audio
V) Cmate";"1) Speech Time And Frequency
2) Symmetry Of Speech Among Group
3) Total Number Of Touch Actions
4) Symmetry Of Touch Actions Among Group";"1) Verbal
2) Verbal
3) Log Data
4) Log Data";"1) Speech Participation
2) Speech Participation
3) Touch 
4) Touch";"1) Individual
2) Group
3) Individual
4) Group";"1) III
2) III
3) V
4) V";"1) Calculation
2) Calculation
3) Calculation
4) Calculation";A) collaboration;A) researcher codes (Meier et al.);A) coordination;A) process;1,2,3,4-A: sup. machine learning: sig (85%);#;;;;;;;;;;;;;;;;;;;;;;;;;;;;;;;;;;
61;93;callie;"III) Audio
V) Log Data";"III) Audio
V) Log Data";"III) Microphone
V) Own Application";"III) NS
V) NS";"1) Speech Quantity
2) Physical Participation Quantity
3) Number Of Active Participants In Group
4) Verbal Participation Symmetry Among Group
5) Physical Participation Symmetry Among Group";"1) Verbal
2) Log Data
3) Verbal
4) Verbal
5) Log Data";"1) Speech Participation
2) Task-Related
3) Speech Participation
4) Speech Participation
5) Task-Related";"1) Individual
2) Individual
3) Group
4) Group
5) Group";"1) III
2) V
3) III
4) III
5) V";"1) Calculation
2) Calculation
3) Calculation
4) Calculation
5) Calculation";A) collaboration;A) researcher codes;A) communication;A) process;1,2,3,4-A: sup. machine learning: sig;#;;;;;;;;;;;;;;;;;;;;;;;;;;;;;;;;;;
62;94;callie;IV) Kinesiology;IV) Body Language;IV) Kinect;IV) Kinect;"1) Time Spent Individually
2) Time Spent As A Group
3) Diversity Of Collaborative Interactions
4) Transition Probabilities Between Collaborative State";"1) Body
2) Body
3) Body
4) Body";"1) Location
2) Location
3) Location
4) Location";"1) Group
2) Group
3) Group
4) Group";"1) IV
2) IV
3) IV
4) IV";"1) Calculation
2) Calculation
3) Calculation
4) Calculation";"A) technical ability
B) social ability
c) time spent in makerspace
D) reported frustration";"A) teaching team assessment
B) teaching team assessment
c) N/A
D) survey";"A) performance
B) interpersonal relationship 
c) performance
D) affective";"A) product
B) process
c) product
D) process";"1-A: correlation: mixed
2-A: correlation: mixed
2-B: correlation: mixed
4-A: correlation: mixed
4-C: correlation: mixed
4-D: correlation: mixed";#;;;;;;;;;;;;;;;;;;;;;;;;;;;;;;;;;;
63;96;bert;VI) EDA;VI) Physiological;VI) Electrodes;VI) Shimmer 3Gsr ;1) Physiological Synchrony ;1) Physiological;1) EDA;1) Group;1) VI;"1) Calculation (Multidimensional Recurrence Quantification Analysis))";"A) judgement of confidence
B) mental effort
c) task difficulty
D) task interest
E) emotional valence
F) perceived group performance
g) objective group performance score";"A) questionnaire
B) questionnaire
c) questionnaire
D) questionnaire
E) questionnaire
F) questionnaire
g) performance score";"A) affective
B) cognitive engagement
c) cognitive engagement
D) cognitive engagement
E) affective
F) performance
g) performance";"A) process
B) process
c) process
D) process
E) process
F) product
g) product";"1-A: regression: nonsig
1-B: regression: sig (positive)
1-C: regression: nonsig
1-D: regression: nonsig
1-E: regression: nonsig
1-F: regression: nonsig
1-G:regression: nonsig";#;;;;;;;;;;;;;;;;;;;;;;;;;;;;;;;;;;
64;97;bert;"VI) EDA
VII) ECG
XII) Other";"VI) Physiological
VII) Physiological
XII) Facial Expression";"VI) Electrodes
VII) Electrodes
XII) Electrodes";"VI) Biopac Mp150 
VII) Biopac El504
XII) Biopac El254S ";"1) EDA Synchrony
2) Smiling Synchrony
3) Heart Rate Sychrony";"1) Physiological
2) Head
3) Physiological";"1) EDA
2) Facial Expressions
3) Heart";"1) Group
2) Group
3) Group";"1) VI
2) XII
3) VII";"1) Cross-Recurrence Quantification Analysis (CRQA)
2) Cross-Recurrence Quantification Analysis (CRQA)
3) Cross-Recurrence Quantification Analysis (CRQA)";"A) team cohesion
B) routine choice";"A) questionnaire
B) researcher codes";"A) interpersonal relationship 
B) coordination";"A) process
B) process";"1-A: regression: sig (negative)
2-A: regression: sig
2-B: regression: sig";#;;;;;;;;;;;;;;;;;;;;;;;;;;;;;;;;;;
65;99;bert;VIII) EEG;VIII) Physiological;VIII) EEG;VIII) Emotiv Epoc EEG Headset;1) Brain Synchrony;1) Physiological;1) Brain;1) Individual;1) VIII;1) Calculation;"A) engagement
B) social dynamics";"A) questionnaire
B) questionnaire";"A) cognitive engagement
B) interpersonal relationship ";"A) process
B) process";"1-A: regression: sig
1-B: regression: sig";#;;;;;;;;;;;;;;;;;;;;;;;;;;;;;;;;;;
66;101;bert;"III) Audio
II) Video
IV) Kinesiology";"III) Audio
II) Video
IV) Body Language";"III) Microphone
II) Kinect Rgb
IV) Kinect ";"III) Kinect
II) Kinect
IV) Kinect";"1) Upper Body Agitation
2) Hand Agitation
3) Head Orientation
4) Speaking Time/Turns";"1) Body
2) Body
3) Head
4) Verbal";"1) Gross Body Motion
2) Hand Motion
3) Head Motion
4) Speech Participation";"1) Individual
2) Individual
3) Individual
4) Individual";"1) IV
2) IV
3) II
4) III";"1) Calculation
2) Calculation
3) Calculation
4) Calculation (Speech Diarization)";A) agreement;A) expert rating;A) coordination;A) process;1,2,3,4-A: sup. machine learning: sig (75% accuracy);#;;;;;;;;;;;;;;;;;;;;;;;;;;;;;;;;;;
67;103;bert;"VI) EDA
VII) ECG";"VI) Physiological
VII) Physiological";"VI) Wearable Sensor
VII) Wearable Sensor";"VI) Huixin Psychorus
VII) Huixin Psychorus";"1) EDA Synchrony
2) Heart Rate Sychrony";"1) Physiological
2) Physiological";"1) EDA
2) Heart";"1) Group
2) Group";"1) VI
2) VII";"1) Calculation (SSI)
2) Calculation (SSI)";A) collaboration quality;A) researcher codes;A) coordination, cognitive engagement;A) process;"1-A: sup. machine learning: sig
2-A: sup. machine learning: nonsig";#;;;;;;;;;;;;;;;;;;;;;;;;;;;;;;;;;;
68;104;bert;I) Eye Gaze;I) Eye Gaze;I) Tobii 4C;I) Tobii;1) Shared Gaze;1) Gaze;1) Visual Attention;1) Individual;1) I;1) Calculation;"A) cognitive load
B) collaboration quality
c) task performance
D) gaze overlap";"A) questionnaire
B) self-report
c) completion time, correctness
D) calculation";"A) cognitive engagement
B) coordination, communication
c) performance
D) coordination";"A) process
B) process
c) product
D) process";"1-A: anova: nonsig
1-B: anova: sig
1-C: anova: sig
1-D: anova: sig";#;;;;;;;;;;;;;;;;;;;;;;;;;;;;;;;;;;
69;105;bert;II) Video;II) Video;II) Camera;II) Canon VIxia Hv30;1) Body Synchronization;1) Body;1) Gross Body Motion;1) Group;1) II;1) Calculation (Optic Flow Analysis);"A) cooperation
B) cultural style matching
c) language style matching
D) colaughter";"A) task outcome (prisoner's dilemna)
B) video coding
c) video coding
D) video coding";"A) interpersonal relationship 
B) group composition
c) group composition
D) interpersonal relationship ";"A) process
B) condition
c) condition
D) process";"1-A: regression: nonsig
1-B: regression: sig (neg)
1-C: regression: sig (neg)
1-D: regression: sig";#;;;;;;;;;;;;;;;;;;;;;;;;;;;;;;;;;;
70;174;iulian;"III) Audio
V) Log Data";"III) Audio
V) Log Data";"III) Microphone
V) Log Files";"III) NS
V) NS";"1) Speech Time
2) Prosodic Speech Features
3) Movement Of Objects";"1) Verbal
2) Verbal
3) Log Data";"1) Speech Participation
2) Speech Features
3) Task-Related";"1) Individual
2) Individual
3) Individual";"1) III
2) III
3) V";"1) Calculation
2) Calculation (Opensmile)
3) Calculation";A) collaboration quality;A) self made researcher coding scheme (4-scale ranging between collaboration and cooperation);A) coordination;A) process;1,2,3-A:sup. machine learning: sig;#;;;;;;;;;;;;;;;;;;;;;;;;;;;;;;;;;;
71;181;iulian;IV) Kinesiology;IV) Body Language;IV) Video Camera Array;IV) NS;1) Gesture Type And Location;1) Body;1) Hand Motion;1) Individual;1) IV;1) Calculation;"A) frequency of utterances
B) subjective workload";"A) calculation
B) survey";"A) communication
B) cognitive engagement";"A) process
B) process";"1-A: ANOVA: sig
1-B: ANOVA: sig";#;;;;;;;;;;;;;;;;;;;;;;;;;;;;;;;;;;
72;182;iulian;"II) Video
III) Audio";"II) Video
III) Audio";"II) Camera
III) Microphone";"II) NS
III) NS";"1) Speaking Time
2) Attention Received Per Person
3) Attention Given By Person";"1) Verbal
2) Gaze
3) Gaze";"1) Speech Participation
2) Visual Attention
3) Visual Attention";"1) Individual
2) Individual
3) Individual";"1) III
2) II
3) II";"1) Calculation
2) Calculation
3) Calculation";A) extraversion rating;A) Big Marker Five Scale (? researcher coded ?);A) group composition;A) condition;1,2,3-A: sup. machine learning: sig;#;;;;;;;;;;;;;;;;;;;;;;;;;;;;;;;;;;
73;503;steph;I) Eye Gaze;I) Eye Gaze;I) Eye Tracker;I) Applied Science Laboratories (Asl) Eyevision System;1) Gaze Overlap;1) Gaze;1) Visual Attention;1) Group;1) I ;1) Regression;A) referential form;A) self-made researcher codes;A) communication;A) process;1-A:regression: nonsig;#;;;;;;;;;;;;;;;;;;;;;;;;;;;;;;;;;;
74;506;iulian;III) Audio;III) Audio;III) Microphones;III) NS;"1) Duration Of Speech By Each Student
2) Duration In Which Each Student Was Only Speaker
3) Duration Of Overlapping Speech From Pairs Of Students
4) Duration Of Overlapping Speech From All People
5) Duration Of Silence For All People
6) Prosodic And Tone Features";"1) Verbal
2) Verbal
3) Verbal
4) Verbal
5) Verbal
6) Verbal";"1) Speech Participation
2) Speech Participation
3) Speech Participation
4) Speech Participation
5) Speech Participation
6) Speech Features";"1) Individual
2) Individual
3) Individual
4) Individual
5) Individual
6) Individual";"1) III
2) III
3) III
4) III
5) III
6) III";"1) Calculation
2) Calculation
3) Calculation
4) Calculation
5) Calculation
6) Calculation";A) collaboration quality;A) video coded scale of collaboration;A) coordination;A) process;1,2,3,4,5,6-A:sup. machine learning: nonsig;#;;;;;;;;;;;;;;;;;;;;;;;;;;;;;;;;;;
75;;;"IV) Kinesiology
II) Video";;"IV) Kinect
II) Camera";"IV) Microsoft Kinect
II) NS";"1) Clustered Hand/Wrist Movement
2) Object Manipulation";"1) Body
2) Body";"1) Hand Motion
2) Task-Related";;"1) IV
2) II";;A) Learning gains;A) pre-post test (references to  principles or mechanisms that confer stability to three example structures) ;A) learning;A) product;1-A:sup. machine learning: sig (ACC: 76%);#;;;;;;;;;;;;;;;;;;;;;;;;;;;;;;;;;;
76;;;"IV) Kinesiology
V) Log Data";;"IV) Kinect
V) Own Application";"IV) Microsoft Kinect
V) Created";"1) Amount Of Exploration
2) Types Of Exploration
3) Amount Of Movement
4) Type Of Movement
5) Body Synchronization
6) Body Distance";"1) Body
2) Body
3) Body";"1) Task-Related
2) Task-Related
3) Gross Body Motion";;"1) V
2) V
3) IV
4) IV
5) IV
6) IV";;"A) learning gains
B) learning gain group (high or low)
c) leadership (driver/passenger)";"A) pre-post test
B) pre-post test
c) coding";"A) Learning
B) Learning
c) Interpersonal relationship";"A) product
B) product
c) process";"1-A: correlation: nonsig
2-A: correlation: mixed
3-A: correlation: nonsig
4-A: correlation: sig
4-C: ANOVA: sig
5-A: ANOVA: nonsig
6-A: correlation: nonsig
1,2,3,4,5,6-B: sup. machine learning: sig (ACC: 100%)";#;;;;;;;;;;;;;;;;;;;;;;;;;;;;;;;;;;
77;;;I) Eye Gaze;;I) Eye Tracker;I) Tobii Glasses;"1) Joint Visual Attention
2) Cycles Of Collaborative / Individual Work";"1) Gaze
2)";"1) Visual Attention
2) Task-Related";;"1) I
2) I";;"A) learning gains
B) collaboration quality
c) task performance";"A) pre-post test
B) Meier Spada Rummel coding scheme
c) number of mazes solved";"A) Learning
B) coordination
c) performance";"A) product
B) process
c) product";"1-B: correlation: sig 
2-B: correlation: sig 
2-A: correlation: sig 
2-C: correlation: sig ";#;;;;;;;;;;;;;;;;;;;;;;;;;;;;;;;;;;
78;;;"I) Eye Gaze
III) Audio";;"I) Eye Tracker
III) Microphone";"I) Tobii X1
III) NS";"1) Joint Visual Attention
2) Simple Linguistic Features
3) Convergence (Of Linguistic Styles)
4) Coherence";"1) Gaze
2) Verbal";"1) Visual Attention
2) Speech Participation";;"1) I
2) III
3) III
4) III";;"A) Learning 
B) collaboration
";"A) pre-post test
B) coding scheme
";"A) Learning
B) coordination
";"A) product
B) process
";"4-A: correlation: sig
4-C: ANOVA: sig
2-A: sup. machine learning: 75%";#;;;;;;;;;;;;;;;;;;;;;;;;;;;;;;;;;;
79;;;"I) Eye Gaze
II) Video";;"I) Eye Tracker
II) Eye Tracker";"I) Tobii X1
II) Tobii X1 Eye Tracker";"1) Joint Visual Attention
2) Cognitive Load (From Pupil Size)";"1) Gaze
2) Physiological";"1) Visual Attention
2) ";;"1) I
2) II";;A) learning gains;A) pre/post test;A) Learning;A) product;"1-A :mediation : sig
2-A:mediation: nonsig";#;;;;;;;;;;;;;;;;;;;;;;;;;;;;;;;;;;
80;;;"I) Eye Gaze
III) Audio
V) Log Data";;"I) Eye Tracker
III) Computer System Audio
V) NS";"I) SMI Red 250 Eye Trackers 250Hz
III) NS 
V) NS";"1) Joint Visual Attention
2) Joint Mental Effort 
3) Dialogue";"1) Gaze
2) Gaze
3) Speech";"1) Visual Attention
2) Visual Attention
3) Speech Features ";;"1) I
2) I
3) III
4) V";;A) learning performance;A) task outcome;A)product;A)product;"1-A: ANOVA: sig 
2-A: ANOVA: sig 

";#;;;;;;;;;;;;;;;;;;;;;;;;;;;;;;;;;;
81;;;I) Eye Gaze;;I) Video Camera, Gaze-Tracker (Deep Neural Networks);I) Microsoft Kinect, Gaze Following Framework (Gazefollow);1) Joint Visual Attention;1) Gaze;1) Visual Attention;;1) I;;A) learning gains;A) post test;A)product;A)product;1-A: correlation: sig;#;;;;;;;;;;;;;;;;;;;;;;;;;;;;;;;;;;
82;;;"I) Eye Gaze
III) Audio
V) Log Data";;"I) Eye Tracker
III) NS
V) Application";"I) SMI Red 250 Eye Trackers 250Hz
III) NS 
V) NS";"1) Individual Gaze (Transition From Image To Text)
2) Gaze Similarity (Collaborative Gaze)
3) Gaze Similarity (Gaze Transition Similarity)
4) Speech";"1) Gaze
2) Gaze
3) Gaze
4) Verbal";"1) Visual Attention
2) Visual Attention
3) Visual Attention
4) Speech Participation";;"1) I
2) I
3) I
4) III";;"A) learning gains
(five posters, game on interactive display, gamified quiz - collaborative/competitive)
B) game performance";"A1) pre test
A2) post test
A3) final post test
B) experience points";A) Learning;A) product ;"1-A1: correlation: sig 
1-A2: correlation: sig 
2-A2: correlation: sig 
2,4-A2: ANCOVA: sig ";#;;;;;;;;;;;;;;;;;;;;;;;;;;;;;;;;;;
83;;;VI) EDA;;VI) Wristband;VI) Empatica E3 EDA Sensor;1) Mean Range-Corrected EDA Responses;1) Physiological;1) EDA;;1) VI;;"A) topic emotions - negative
B) topic emotions - positive";"A) pre post self report survey (Topic Emotions Scale)
B) pre post self report survey (Topic Emotions Scale)";A) cognitive;A) process;1-A: corrleation: sig;#;;;;;;;;;;;;;;;;;;;;;;;;;;;;;;;;;;
84;;;"I) Eye Gaze
II) Video
III) Audio";;"I) Eye Tracker
II) Web Camera
II) Emotient
III) Headset";"I) Tobii 4C
II) NS
II) NS";"1) Gaze Features (Fixation Dispersion, Number Of Fixations And Mean Fixation Duration, Mean Saccade Amplitude, Joint Attention)
2) Acoustic-Prosodic Information (Fundamental Frequency (Pitch), Loudness (Energy), Center Frequency And Amplitude Of The First Through Third Formants, Harmonics To Noise Ratio, Jitter, And Shimmer)
3) Facial Features (Face Area, Positive And Negative Valence, Expressivity, Face/Upper Body Motion)
4) Task Content Feature";"1) Gaze
2) Verbal
3) Head
4) ";"1) Visual Attention
2) Speech Features
3) Facial Expressions
4) Task Related";;"1) I
2) III
3) III";;A) task performance;A) AUROc;A) performance;A) product;"1,2,3,4-A: AUROC=0.71
1-A: AUROC=0.62
2-A: AUROC=0.54
3-A: AUROC=0.61
4-A: AUROC=0.67";#;;;;;;;;;;;;;;;;;;;;;;;;;;;;;;;;;;
85;;;"I) Eye Gaze
III) Audio 
V) Log Data ";;"I) Eye Tracker 
III) Microphone
V) NS";"I) SMI Red
III) NS
V) NS";"1) Gaze
2) Entropy
3) Similarity
4) Cognitive Load
5) Auto-Correlation Coefficient
6) Energy
7) Shape Of Envelope
8) Linear Predictive Coding
9) Dialog
10) Correct/Incorrect/Hint Feedbacks";"1) Gaze
2) Gaze
3) Gaze
4) Gaze
5) Verbal
6) Verbal
7) Verbal
8) Verbal
9) Verbal
10) Log Data";"1) Visual Attention
2) VIsua Attention
3) Visual Attention
4) Eye Physiology
5) Speech Features
6) Speech Features
7) Speech Features
8) Speech Features
9) Speech Content
10) Task Related";;"1) I 
2) I
3) I
4) I
5) III
6) III
7) III
8) III
9) III
10) V";;A) Learning gains;A) pre -post test ;A) Learning ;A) product;"9 - A: correlation: sig
10 - A: correlation: sig
1- A: correlation: nonsig
2- A: correlation: nonsig
3-A: correlation: nonsig
4-A : correlation: nonsig
5-A: correlation: nonsig
6-A: correlation: nonsig
7-A: correlation: nonsig
8-A: correlation: nonsig
";#;;;;;;;;;;;;;;;;;;;;;;;;;;;;;;;;;;
86;;;"I) Eye Gaze
III) Audio
V) Log Data";;"I) Eye Tracker
III) Computer Audio Chat
V) Computer";"I) NS
III) NS
V) NS";"1) Hint Behavior
2) Joint Visual Attention - Collaboration Quality
3) Moments Of Good Collaboration ";"1) Log Data
2) Gaze
3) Log Data";"1) Task Related
2) Visual Attention
3) Task Related";;"1) V
2) I
3) III";;"A) learning gain
";A) computer-based isomorphic test forms;A) Learning ;A) product;"2-A: correlation: sig
2-A: correlation: nosig";#;;;;;;;;;;;;;;;;;;;;;;;;;;;;;;;;;;
87;;;I) Eye Gaze ;;I) Eye Tracker ;I) NS ;"1) Gaze Visual Agitation
2) Gaze Spatial Entropy
3) Return Levels - Evt ";"1) Gaze
2) Gaze
3) Gaze";"1) Visual Attention
2) Visual Attention
3) Visual Attention";;"1) I
2) I
3) I";;A) quality of collaboration;A) scores based on comparing concept map with the map created by two experts;A) coordination;A) process;"1-A: ANOVA: nonsig
2-A: ANOVA: nonsig
2-A: correlation: nonsig";#;;;;;;;;;;;;;;;;;;;;;;;;;;;;;;;;;;
88;;;I) Eye Gaze;;I) Eye Tracker;I) SMI Red 250 Hz;"1) Joint Visual Attention 
2) Gaze Recurrence ";"1) Gaze
2) Gaze";"1) Visual Attention
2) Visual Attention";;"1) I 
2) I ";;"A) learning gain - procedural test
B) learning gain - conceptual test";"A) pre post test 
B) pre post test ";A) Learning ;A) product;"1-A: correlation: nonsig
1-B: correlation: sig";#;;;;;;;;;;;;;;;;;;;;;;;;;;;;;;;;;;
89;;;"I) Eye Gaze
III) Audio";;"I) Eye Tracker 
III) NS
";"I) Tobii 1750
III) NS";"1) Gaze Episodes
2) Dialogue Episodes
3) Gaze Transitions";"1) Gaze
2) Speech
3) Gaze";"1) Visual Attention
2) Speech Participation
3) Visual Attention";;"1) I
2) III
3) I";;A) Task performance - level of understanding ;A) researcher coded;A) performance;A) product;"1- A: ANOVA:sig
";#;;;;;;;;;;;;;;;;;;;;;;;;;;;;;;;;;;
90;;kavie, zoe;"II) Video
III) Audio
V) Log Data";;"II) Camera
III) Microphone
V) Log Data";"II) RGB-D
III)
V) Rosbag";"1) Affective States
2) Speech
3) Task-Context Features";"1) Gaze
2) Speech
3) ";"1) Affective State
2) Speech
3) Text Features";;"1) II
2) II
3) III
4) V";;"A) Last error
B) Learning gain";"A) performance score
B) pre-post test";"A) performance
B) learning";"A) product
B) product";"1-A: Kruskal-Wallis: nonsig
2-B: Kruskal-Wallis: sig (expressive explorers, silent wanderers)";#;;;;;;;;;;;;;;;;;;;;;;;;;;;;;;;;;;
91;;kavie;I) Eye Gaze;;I) Eye Tracker;I) Asl;1) Eye Movement;1) Gaze;1) Eye Motion;;1) I;;A) Task performance;A) performance score;A) performance;"A) product
";1-A: ANOVA: sig;#;;;;;;;;;;;;;;;;;;;;;;;;;;;;;;;;;;
92;;kavie, zoe;"III) Audio
VIII) EEG";;VIII) EEG Sensor;VIII) B-Alert X-10;1) Brain Synchrony;1) Physiological;1) Brain;;1) VIII;;"A) collaborative problem-solving performance
B) collaborative problem-solving efficiency
";"A) researcher coded
B) log data
";"A) performance
B) coordination
";"A) product
B) process";"1-A:positive correlation:sig
2-B:negative correlation: sig

";#;;;;;;;;;;;;;;;;;;;;;;;;;;;;;;;;;;
93;;kavie;IV) Kinesiology;;IV) Kinect;IV) Kinect Depth Camera;"1) Posture Estimation
2) Hand-To-Face Gesture";"1) Body
2) Body";"1) Gross Body Motion
2) Gross Body Motion";;"1) IV
2) IV";;"A) learning gain
";"A) pre post test
";"A) cognitive load
";"A) product
";1-A: negative correlation: sig (frustration level);#;;;;;;;;;;;;;;;;;;;;;;;;;;;;;;;;;;
94;;kavie;V) Log Data;;V) Log Data;;1) Task-Context Features;1) Log Data;1) Task Related;;1) V;;A) Task performance;A) researcher coded;"A) perspective
B) argument";"A) product
B) product";"1-A:Wilcoxon Signed Ranks test: sig
1-B: Wilcoxon Signed Ranks test: sig";#;;;;;;;;;;;;;;;;;;;;;;;;;;;;;;;;;;
95;;kavie;I) Eye Gaze;;I) Eye Tracker;;"1) Concept Map Fixation Time Ratio
2) Number Of Concept-Map Eye-Gaze Transitions";"1) Gaze
2) Gaze";"1) Visual Attention
2) Visual Attention";;1) I;;"A) Learning Measures
";"A) questionnaire (individual level), research coded (dyad level)
";A) performance;A) product;1,2-A: negative correlation: sig (individual learning, knowledge equivalence);#;;;;;;;;;;;;;;;;;;;;;;;;;;;;;;;;;;
96;;zoe;VIII) EEG ;;VIII) EEG Sensor;VII) B-Alert X-10;1) Physiological Synchrony;1)  Physiological;1) Brain;;1) VIII;;"A) collaborative problem-solving performance
B) collaborative problem-solving efficiency";"A) Researcher coded 
B) Log data";"A) performance 
B) performance
";"A) product        
A) product";"1-A: Positive Correlation: sig
1-B: Negative Correlation: sig";#;;;;;;;;;;;;;;;;;;;;;;;;;;;;;;;;;;
97;;zoe;II) Video;;II) Camera;II) Microsoft Kinetic;1)Physical Interactivity;1) Body;1) Gross Body Motion;;"1) II
";;A)cpS competencies;A) researcher coded ;A) performance;A) product;1-A: anova:sig;#;;;;;;;;;;;;;;;;;;;;;;;;;;;;;;;;;;
98;;zoe;"II) Video
III) Audio
V) Log Data";;"II) Camera
III) Microphone
V) Log Data";"II) RGB-D
III) NS
V) Learning Platform";"1) Affective States
2) Speech
3) Task- Context
4) Gaze";"1) Physiological
2) Verbal
3) Log
4) Gaze";"1) Affective
2) Speech
3) Task- Related 
4) Gaze";;"1) II
2) III
3) V
4) II";;"A) Learning gains 
";"A) pre-post test 
";A) Learning ;A) product;"2 - A: Kruskal-Wallis: sig 
1,2,3- A: sup. machine learning(0.89)";#;;;;;;;;;;;;;;;;;;;;;;;;;;;;;;;;;;
99;;zoe;"II) Video
III) Audio
V) Log";;"II) Camera
III) Microphone
V)Log";"II) Camera
III) Audio
V) Learning Platform";II) NS III) NS V) Arduino Ide;"1) Total Number Of Faces Looking Toward The Screen (Flls)
2) Total Number Of Connected Arduino Components (Idevhw) 
7) Mean Distance Between Learners (Dbl)
9) Measure Of Complexity (Idex)";;;"1) II 
2) V
3) II 
4) III
5) II
6) II
7) V
8) II
9) V";;A)task performance;A) researcher coded ;A) performance;A) product;7,2,9,10-A: regression:sig(best result);#;;;;;;;;;;;;;;;;;;;;;;;;;;;;;;;;;;
100;;zoe;II) Video;;II) Camera;II) NS;"1) Metrics Of Frequency
2) Metrics Of Hands Distance";"1) Body
2) Body";"1) Hand
2) Hand";;"1) II
2) II";;A) cpS competence;A) Researcher coded ;A) collaboration;A) process;1,2 - A: machine learning(0.75);#;;;;;;;;;;;;;;;;;;;;;;;;;;;;;;;;;;
101;;zoe;VIII) EEG;;VIII) EEG Sensor;VIII) NS;1)Mediation- Anxiety Level;1 ) Physioloy;1) Brain;;1) VIII;;"A) Learning gains 
";A) researcher coded ;A) Learning ;A) product;1-A: Mann-Whitney U and Kruskal-Wllis tests:sig;#;;;;;;;;;;;;;;;;;;;;;;;;;;;;;;;;;;
102;;zoe;VIII) EEG ;;"VIII) EEG Sensor
";"VIII) Emotiv
";1) Inter-Brain Synchrony ;1)  Physiological;1) Brain;;1) VIII;;A) tasks performance;A) mixed - researcher coded & tests;A)performance;A) product;1-A: correlation: sig;#;;;;;;;;;;;;;;;;;;;;;;;;;;;;;;;;;;
103;;kavie;"I) Eye Gaze
III) Audio";;"I) Eye Tracker
III) Microphone";;"1) Fixation
2) Phonemic Clause";"1) Gaze
2) Speech";"1) Visual Attention
2) Speech";;"1) I
2) III";;A) conversational attention;A) researcher coded;A) attention;A) process;1,2-A: t-test: sig;#;;;;;;;;;;;;;;;;;;;;;;;;;;;;;;;;;;
104;;kavie;I) Eye Gaze;;I) Eye Tracker;;1) Eye Gaze Trace;1) Gaze;1) Eye Motion;;1) I;;A) performance;A) log data;A) performance;A) product;1-A: ANOVA: sig;#;;;;;;;;;;;;;;;;;;;;;;;;;;;;;;;;;;
105;;kavie;"I) Eye Gaze
III) Audio";;"I) Eye Tracker
III) Microphone";"I) Eye-Link II
";"1) Shared Gaze
2) Shared Voice";"1) Gaze
2) Speech";"1) Visual Attention
2) Speech";;"1) I
2) III";;A) Task performance;A) log data;A) performance;A) product;1,2-A: t-test: sig;#;;;;;;;;;;;;;;;;;;;;;;;;;;;;;;;;;;
106;;kavie;V) Log Data;;V) Log Data;;"1) Task Properties
2) People'S Actions
3) Message Content";"1) Log Data
2) Log Data
3) Log Data";"1) Task-Related
2) Task-Related
3) Task-Related";;"1) V
2) V
3) V";;A) focus attention;A) log data;A) coordination;A) process;1, 2, 3-A: sup machine learning: 74.25%;#;;;;;;;;;;;;;;;;;;;;;;;;;;;;;;;;;;
107;;kavie;I) Eye Gaze;;I) Eye Tracker;;1) Saccade Length, Fixation Duration;1) Gaze;1) Visual Attention;;1) I;;A) Task performance;A) log data;A) collaboration;A) product;1-A: sup. machine learning;#;;;;;;;;;;;;;;;;;;;;;;;;;;;;;;;;;;
107;;kavie;X) BVP;;X) Digital Pen;X) Dove;1) Gesture Drawing On Video Feed;1) Body;1) Gesture Drawing;;1) X;;A) Task performance;A) log data;A) collaboration;A) process;1-A: ANOVA: sig;#;;;;;;;;;;;;;;;;;;;;;;;;;;;;;;;;;;
108;;kavie;"I) Eye Gaze
III) Audio";;"I) Eye Tracker
III) Microphone";;"1) Attention
2) Speech";"1) Gaze
2) Speech";"1) Visual Attention
2) Speaking Time";;"1) I
2) III";;A) quality of collaboration;A) log data;A) collaboration;A) process;"1-A: t-test: nonsig
2-A: t-test: sig";#;;;;;;;;;;;;;;;;;;;;;;;;;;;;;;;;;;
109;;zoe;"I) Eye Gaze
III) Audio
";;II) Camera;II)NS;1) Gaze Awareness ;1) Gaze;1) Visual Attention;;1) I;;"A) Task performance 
B) collaboration quality";"A) log data
B) log data ";"A) performance 
B) collaboration
";"A) product
B) process ";"1- A: ANOVA: sig 
1- B: ANOVA: sig";#;;;;;;;;;;;;;;;;;;;;;;;;;;;;;;;;;;
110;;zoe;II) Video;;II) Camera;II)NS;1) Facial Expressions;1) Physiological;1) Affective;;1) II;;A) Emotion network;A) researcher coded ;A) collaboration;A) process;1-A:unsup. machine learnig:sig ;#;;;;;;;;;;;;;;;;;;;;;;;;;;;;;;;;;;
111;;zoe;"II) Video
III) Audio";;"II) Camera
III) Microphone";"III) NS
II) NS";"1) Head Directions 
2) Speech Features - Utterances";"1) Body
2) Verbal";"1) Head Movements 
2) Speech Features ";;"1) II
2) III";;A) group dynamics (visual focus of attention);A) researcher coded ;A) group composition;A) condition;1,2- A: mean;#;;;;;;;;;;;;;;;;;;;;;;;;;;;;;;;;;;
112;;zoe ;;;;;;;;;;;;;;;;#;;;;;;;;;;;;;;;;;;;;;;;;;;;;;;;;;;
113;;zoe ;"I) Eye Gaze
III) Audio";;"I) Eye Tracker
III) Microphone";"I) Eyelink II
III) NS";"1) Shared Gaze
2) Shared Speech ";"1) Gaze
2) Speech ";"1) Visual Attention
2) Speech Features";;"1) I
2) III";;A) task performance ;A) log data ;A) performance;A) product ;1,2- A: t-test:sig ;#;;;;;;;;;;;;;;;;;;;;;;;;;;;;;;;;;;
114;;zoe ;"VIII) EEG
VII) ECG
VI) EDA
X) BVP";;VIII) EEG Sensor;"VIII) NS
VII) NS
VI) NS
X) NS";"1) Physiological
2) Physiological
3) Physiological
4) Physiological";"1) Physiological
2) Physiological
3) Physiological
4) Physiological";"1) Brain
2) Brain
3) Brain
4) Brain";;"1) VIII
2) VII
3) VI
4) X";;A) Affective states;A) self-report ;A) Affective ;A) process;1,2,3,4 - A: machine learning: sig (86.30%);#;;;;;;;;;;;;;;;;;;;;;;;;;;;;;;;;;;
115;;zoe;;;;;;;;;;;;;;;;#;;;;;;;;;;;;;;;;;;;;;;;;;;;;;;;;;;
116;;zoe ;;;;;;;;;;;;;;;;#;;;;;;;;;;;;;;;;;;;;;;;;;;;;;;;;;;
117;;zoe;"II) Video
III) Audio";;"II) Camera
III) Microphone";"III) NS
II) NS";"1) Body Movements
2) Head Movements 
3) Speech Features ";"1) Body
2) Body
3) Verbal";"1) Body Motions
2) Head Motions
3) Speech Features ";;"1) II
2) III";;A) group cohesion;A)slef report ;A) collaboration;A) process; ;#;;;;;;;;;;;;;;;;;;;;;;;;;;;;;;;;;;
118;;zoe;III) Audio;;III) Microphone;III) NS;"1) Speech Features
2) Linguisitc Features ";"1) Verbal
2) Verbal";"1) Speech Features 
2) Speech Features";;"1) III
2) III";;A) social impressions;A) self report;A) collaboration;A) process;1,2-A: sup.machine learning: sig(93%);#;;;;;;;;;;;;;;;;;;;;;;;;;;;;;;;;;;
119;;kavie;III) Audio;;III) Microphone;;"1) Speech Features
2) Speech Features
3) Speech Style";"1) Verbal
2) Verbal
3) Verbal";"1) Speech Instructions
2) Adjacent Utterances
3) Dialogue Style";;"1) III
2) III
3) III";;"A) amplitude difference
B) command usage";"A) log data
B) researcher coded";"A) collaboration
B) coordination";"A) process
B) product";"1,2,3-A: t-test: sig
1,2,3-B: t-test: sig
";#;;;;;;;;;;;;;;;;;;;;;;;;;;;;;;;;;;
120;;kavie;II) Video;;II) Camera;;1) Gesture Fluency;1) Body;1) Gesture Fluency;;1) II;;A) communicative intent ;A) researcher coded;A) collaboration;A) process ;"1-A: ANOVA: sig
";#;;;;;;;;;;;;;;;;;;;;;;;;;;;;;;;;;;
121;;kavie;III) Audio;;III) Microphone;;1) Speech Features;1) Verbal;1) Speech Usage;;1) III;;"A) task completion
B) fantasy levels";"A) researcher coded
B) researcher coded";"A) performance
B) affective";"A) product 
B) process ";"1-A: correlation: sig (r=0.406)
1-B: correlation: sig (r=0.224)";#;;;;;;;;;;;;;;;;;;;;;;;;;;;;;;;;;;
122;;zoe;"II) Video
III) Audio
";;"II) Camera
III) Microphone
";"III) NS
II) NS";"1) Gross Body Movements 
2) Speech Features ";"1) Body
2) Verbal";"1) Gross Body Motions
2) Speech Features ";;"1) II
2) III";;A) personality traits (five personality);A) questionnaire;A) group composition;A) condition;1,2- A:sup.machine learning:sig (90%);#;;;;;;;;;;;;;;;;;;;;;;;;;;;;;;;;;;
123;;zoe;"II) Video
III) Audio";;"II) Camera
III) Microphone";"III) NS
II) NS";"1) Gross Body Movements 
2) Speech Features ";"1) Body
2) Verbal";"1) Body
2) Speech Features ";;"1) II
2) III";;A) personality traits (Extraversion and Locus of control);A) questionnaire;A) group composition;A) condition;1,2- A:sup.machine learning:sig (90%);#;;;;;;;;;;;;;;;;;;;;;;;;;;;;;;;;;;
124;;zoe;"II) Video
III) Audio";;"II) Camera
III) Microphone";"III) NS
II) NS";"1) Gross Body Movements
 2) Speech Features";"1) Body
2) Verbal";"1) Body
2) Speech Features ";;"1) II
2) III";;A) task performance;A) researcher coded;A) product ;A) product ;1,2-A:unsup:machine learning:50%;#;;;;;;;;;;;;;;;;;;;;;;;;;;;;;;;;;;
125;;kavie;"II) Video
III) Audio";;"II) Camera
III) Microphone";;"1) Gross Body Movements
2) Dialogue";"1) Body
2) Verbal";"1) Worker's Actions
2) Dialogue ";;"1) II
2) III";;A) focus of attention;A) researcher coded;A) collaboration;A) process;1,2-A: sup.machine learning: 81.79%;#;;;;;;;;;;;;;;;;;;;;;;;;;;;;;;;;;;
126;;kavie;III) Audio;;III) Microphone;;"1) Speaking Length
2) Speaking Turns
3) Successful Interruptions
4) Backchannels
5) Fraction Of Overlapped Speech
6) Fraction Of Silence";"1) Verbal
2) Verbal
3) Verbal
4) Verbal
5) Verbal
6) Verbal
7) Verbal";"1) Speech Features
2) Speech Features
3) Speech Features
4) Speech Features
5) Speech Features
6) Speech Features ";;"1) III
2) III
3) III
4) III
5) III
6) III";;"A) type of meeting (collocated or remote)
B) collocated meeting inference
c) remote member participation";"A) log data
B) log data
c) log data";"A) group dynamics
B) group dynamics
c) group dynamics";"A) condition
B) condition
c) condition";"2-A: unsup.machine.learning: 70% (compared to 66% random performance)
2-B: unsup.machine.learning: 81% (compared to 33% random performance)
1-C: unsup.machine.learning: 50% (compared to 25% random performance)";#;;;;;;;;;;;;;;;;;;;;;;;;;;;;;;;;;;
127;;kavie;II) Video ;;II) Camera;;1) Gaze Frequency;1) Gaze;1) Gaze Frequency;;1) II;;A) conversational attention;A) questionnaire;A) attention;A) process;1-A: Tukey’s HSD test: sig;#;;;;;;;;;;;;;;;;;;;;;;;;;;;;;;;;;;
128;;zoe;"I) Eye Gaze
III) Audio";;"I) Camera
III) Microphone";"I) NS
III) NS";"1) Gaze Focus 
2) Sound Focus";"1) Gaze
2) Verbal";"1) Visual Attention 
2) Speech Features ";;"1) I
2) III";;A) focus of attention;A) researcher coded ;A) group dynamics;A) process;1,2- A: sup. machine learning: 74.8%;#;;;;;;;;;;;;;;;;;;;;;;;;;;;;;;;;;;
129;;zoe;"I) Eye Gaze
V) Log Data ";;"I) Eye Tracker
V) Application";"I) Tobii 1750
V) NS";"1) Gaze Fixations
2) Gaze Saccades
3) Task Actions";"1) Gaze
2) Gaze
3) Log";"1) Visual Attention
2) Eye Motion
3) Task-Related ";;"1) I 
2) I
3) V";;A) group contexts ;A) researcher coded ;A) group dynamics;A) process;1,2,3 - sup. machine learning: sig: 81.43%;#;;;;;;;;;;;;;;;;;;;;;;;;;;;;;;;;;;
130（moved to unqualified);;zoe;II) Video;;II) Camera;II) NS;"1) Body Movements
2) Head Movements ";"1) Body
2) Head";"1) Body Motions 
2) Head Motions ";;"1) II
2) III";;A) focus of attention ;A) researcher coded ;A) group dynamics;A) process;1,2-A: sup.machine: sig;#;;;;;;;;;;;;;;;;;;;;;;;;;;;;;;;;;;
131;;zoe;"I) Eye Gaze
II) Video
III) Audio";;"II) Camera
III) Microphone";"II) NS
III) NS";"1) Eye Gaze Directions
2) Head Movements
3) Speech Features";"1) Gaze
2) Body
3) Verbal";"1) Visual Attention
2) Hand Motions
3) Speech Features";;"1) I
2) II
3) III";;A) focus of attention ;A) researcher coded ;A) coordination;A) process;1,2,3 -A: sup.machine learning:sig: 94.6%;#;;;;;;;;;;;;;;;;;;;;;;;;;;;;;;;;;;
132;;zoe;"I) Eye Gaze
IV) Kinesiology";;"II) Camera
IV) Motion Detecting Sensor ";"II)NS
IV) Polhemus Pose Tracker";"1) Eye Gaze Directions 
2) Head Movements";"1) Gaze
2) Body";"1) Visual Attention 
2) Head Motions ";;"1) I 
2) IV";;A) focus of attention ;"A) researcher coded
";A) coordination;A) process;1,2- A: sup. machine learning: 93%;#;;;;;;;;;;;;;;;;;;;;;;;;;;;;;;;;;;
133;;zoe;"I) Eye Gaze
III) Audio
IV) Kinesiology";;"II) Camera
III) Microphone
IV) Motion Detecting Sensor ";"II)NS
III) NS
IV) Polhemus Pose Tracker";"1) Eye Gaze Directions 
2) Head Movements
3) Speech Features";"1) Gaze
2) Body
3) Verbal";"1) Visual Attention 
2) Head Motions 
3) Speech Features";;"1) I
2) IV
3) III";;A) focus of attention ;A) researcher coded;A) coordination;A) process;1,2,3- A: sup.machine learning: 76%;#;;;;;;;;;;;;;;;;;;;;;;;;;;;;;;;;;;
134;;kavie;I) Eye Gaze;;I) Eye Tracker;;1) Reaction Time;1) Gaze;"1) Visual Attention 
2) Head Motions 
3) Speech Features ";;1) I;;"A) search time
B) error rate";"A) log data
B) researcher coded";"A) attention
B) performance";"A) process
B) product";"1-A: t-test: sig
1-B: t-test: sig";#;;;;;;;;;;;;;;;;;;;;;;;;;;;;;;;;;;
135;;kavie;"III) Audio
V) Log Data";;"III) Microphone
V) Digital Pen";;"1) Speech Amplitude
2) Pen Pressure";"1) Verbal
2) Log Data";"1) Speech Features
2) Body Motions";;"1) III
2) V";;A) task performance;A) research coded;A) performance;A) product;"1-A: t-test: sig
2-A: t-test: nonsig";#;;;;;;;;;;;;;;;;;;;;;;;;;;;;;;;;;;
136;;kavie;I) Eye Gaze;;I) Eye Tracker;;"1) Reaction To Eye Contact
2) User-Initiative Joint Attention";"1) Gaze
2) Gaze";"1) Visual Attention
2) Visual Attention";;"1) I
2) I";;"A) subconscious interest
B) favorable feeling";"A) self report
B) self report";"A) engagement
B) interpersonal relationship
";"A) process
B) process";"1-A: t-test: sig
2-B: t-test: sig";#;;;;;;;;;;;;;;;;;;;;;;;;;;;;;;;;;;
137;;zoe;"III) Audio
IV) Kinesiology
V) Log Data";;"III) Microphone
II) Camera
V) Log ";;"1) Speech Features 
2) Head Rotations 
3) Slide Data ";"1) Verbal
2) Body 
3) Log Data";"1) Speech Features
2) Head Motions 
3) Task- Related ";;"1) III
2) IV
3) V";;A) focus of attention ;"A) researcher coded
";A) coordination;A) process;1,2,3 - A: unsup.machine learning: 46.7%;#;;;;;;;;;;;;;;;;;;;;;;;;;;;;;;;;;;
138;;zoe;IV) Kinesiology;;IV) Camera;;1) Head Rotation;1) Body;1) Head Motions;;1) IV;;A) focus of attention ;"A) researcher coded
";A) coordination;A) process;1-A: unsup.machine learning: 85%;#;;;;;;;;;;;;;;;;;;;;;;;;;;;;;;;;;;
139;;kavie;"II) Video
III) Audio";;"II) Camera
III) Audio";;"1) Gesture
2) Communication Quality";"1) Body
2) Verbal";"1) Gross Body Motion
2) Speech Participation";;"1) II
2) III";;A) task performance;A) researcher coded;A) performance;A) product;"1-A: ANOVA: nonsig
2-A: ANOVA: nonsig";#;;;;;;;;;;;;;;;;;;;;;;;;;;;;;;;;;;
140;;kavie;"I) Eye Gaze
";;I) Eye Tracker;;1) Focus Of Attention;1) Gaze;1) Visual Attention;;1) I;;"A) task performance
B) quality of assistance
c) communication efficiency";"A) log data
B) questionnaire
c) ";"A) performance
B) coordination
c) coordination";"A) product
B) process
c) process";"1-A: ANOVA: sig
1-B: ANOVA: sig
1-C: ANOVA: sig";#;;;;;;;;;;;;;;;;;;;;;;;;;;;;;;;;;;
141;;kavie;IV) Kinesiology;;IV) Camera;;1) Head Rotation;1) Body;1) Head Motions;;1) IV;;"A) peripheral awareness
";"A) researcher coded
";"A) coordination
";"A) process
";"1-A: t-test: sig
";#;;;;;;;;;;;;;;;;;;;;;;;;;;;;;;;;;;
142;;zoe;VIII) EEG ;;VIII) EEG Sensor;VIII) Enobio EEG;1) Brain Waves Patterns ;1) Physiological;1) Brain;;1) VIII;;A) Situational Interest ;A) questionnaire;A) coordination;A) process;1-A: sup.machine learning: 93.3%;#;;;;;;;;;;;;;;;;;;;;;;;;;;;;;;;;;;
143;;kavie;I) Eye Gaze;;I) Eye Tracker;;1) Eye Movements;1) Gaze;1) Visual Attention;;1) I;;"A) early disambiguation
B) orienting effect";"A) log data
B) researcher coded";"A) communication
B) coordination ";"A) process
B) process";"1-A: ANOVA: sig
1-B: t-test: sig";#;;;;;;;;;;;;;;;;;;;;;;;;;;;;;;;;;;
144;;kavie;III) Audio;;III) Microphone;;1) Speech Time;1) Verbal;1) Speech Features;;1) III;;"A) speaking dynamics
B) group interactivity level
c) distraction level";"A) log data
B) researcher coded
c) researcher coded";"A) group dynamics
B) engagement
c) engagement";"A) process
B) process
c) process";"1-A: ANOVA: sig
1-B: ANOVA: sig
1-C: ANOVA: sig";#;;;;;;;;;;;;;;;;;;;;;;;;;;;;;;;;;;
145;;kavie;"III) Audio
IV) Kinesiology";;"III) Microphone
IV) Camera";;"1) Speaking Length
2) Speaking Energy
3) Motion Activity";"1) Verbal
2) Verbal
3) Body";"1) Speech Features
2) Speech Features
3) Gross Body Motion";;"1) III
2) III
3) IV";;A) perceived dominance;A) researcher coded;A) group dynamics;A) process;"1-A: sup. machine learning: 85%
2-A: sup. machine learning: 82%
3-A: sup. machine learning: 62%";#;;;;;;;;;;;;;;;;;;;;;;;;;;;;;;;;;;
146;;zoe;IV) Kinesiology;;IV) Camera;;1) Head Pose;1) Body;1) Head Motions;;1) IV;;A) focus of attention ;"A) researcher coded
";A) coordination;A) process;1-A: unsup. machine learning:53.6%;#;;;;;;;;;;;;;;;;;;;;;;;;;;;;;;;;;;
147;;zoe;"II) Video
III) Audio
IV) Kinesiology";;"II) Camera
III) Microphone
IV) Camera";;"1) Focus Of Attention
2) Gestures
3) Speech Features ";"1) Gaze
2) Body
3) Verbal";"1) Visual Attention
2) Gross Body Motion
3) Speech Features ";;"1) II
2) IV
3) III";;A) group activity;A)researcher coded;A) group dynamics;A) process;1,2,3- A: unsup. machine learning: 74.4%;#;;;;;;;;;;;;;;;;;;;;;;;;;;;;;;;;;;
148;;zoe;"VI) EDA
VII) ECG";;"VI) Wearable Sensor
VII) Wearable Sensor";"VI) Shimmer 3+ Gsr Devices
VII) Emotion Faros 180";1) Social Physiological Compliance (Spc);"1) Physiological
";1) Combined;;1) VI, VII;;A) task performance;A) log data ;A) performance;A) product;"1-A:minimum-width envelope: sig
";#;;;;;;;;;;;;;;;;;;;;;;;;;;;;;;;;;;
149;;zoe;III) Audio;;III) Microphone;;1) Speech Features;1) Verbal;1) Speech Features;;1) III;;A) team coordination;A) researcuer coded;A)coordination;A) process;1- A:sup.machine learning: 40%;#;;;;;;;;;;;;;;;;;;;;;;;;;;;;;;;;;;
150;;zoe;IV) Kinesiology;;IV) Camera;;1) Head Rotation;1) Body;1) Head Motions;;1) IV;;A) focus of attention ;"A) researcher coded
";A) coordination;A) process;1-A: unsup. machine learning: 93%;#;;;;;;;;;;;;;;;;;;;;;;;;;;;;;;;;;;
151;;kavie;"VI) EDA
VII) ECG
XII) Other";;"VI) Wearable Sensor, Wristband
VII) ECG
XII) Other";;1) Physiological Compliance ;1) Physiological;1) Physiological Compliance;;1) VI, VII, XII;;"A) task completion time
B) collision damage
c) team coordination";"A) log data
B) log data
c) researcher coded";"A) performance
B) performance
c) coordination";"A) product
B) product
c) process";"1-A: regression: sig
1-B: regression: nonsig
1-C: regression: nonsig";#;;;;;;;;;;;;;;;;;;;;;;;;;;;;;;;;;;
152;;kavie;"III) Audio
V) Log Data";;"III) Microphone
V) Log Data";;"1) Verbal Participation
2) Physical Participation";"1) Verbal
2) Log";"1) Speech Features
2) Physical Participation";;"1) III
2) V";;A) group collaboration level;"A) researcher coded
";A) collaboration;A) process;1,2-A: unsup. machine learning: 60%;#;;;;;;;;;;;;;;;;;;;;;;;;;;;;;;;;;;
153;;kavie;"I) Eye Gaze
III) Audio";;"I) Eye Tracker
III) Microphone";;"1) Amount Of Eye Gaze At Others
2) Amount Of Mutual Gaze
3) Amount Of Speech
4) Breaking A Silence";"1) Gaze
2) Gaze
3) Verbal
4) Verbal";"1) Visual Attention
2) Visual Attention
3) Speech Features
4) Speech Particpation";;"1) I
2) I
3) III
4) III";;A) conversational dominance;A) questionnaire;A) group dynamics;A) process;1,2,3,4-A: regression: sig;#;;;;;;;;;;;;;;;;;;;;;;;;;;;;;;;;;;